text,label
"CRITICAL ALERT: Your bank account shows wire transfer of $15,000 initiated to offshore account in Cayman Islands. You have 90 minutes to cancel at https://bank-wire-emergency.com before funds leave the country permanently.",1
IMMEDIATE ACTION REQUIRED: Your mortgage company reports foreclosure proceedings started due to 90 days missed payments. Your home will be auctioned October 28th. Stop foreclosure at http://mortgage-foreclosure-halt.com today.,1
URGENT SECURITY BREACH: Your email account forwarding all messages to unknown address in Romania for past 30 days. All your private emails exposed. Stop forwarding at http://email-forwarding-breach.com immediately.,1
WARNING: Your car insurance lapsed 15 days ago and you were pulled over yesterday. Police report filed and license suspension pending. Reinstate coverage at https://insurance-lapse-emergency.com before court date.,1
CRITICAL: Your passport flagged at airport security for international fraud investigation. You cannot leave the country. Resolve at https://passport-security-flag.com before your flight tomorrow.,1
ALERT: Your medical records accessed 47 times by unauthorized parties in different states. HIPAA violation and identity theft. Freeze records at http://medical-records-breach.com immediately.,1
"URGENT: Your 401k retirement account shows early withdrawal of $87,000 triggering $26,000 in taxes and penalties. Stop withdrawal at http://401k-withdrawal-stop.com before processing completes.",1
"WARNING: Your business license suspended due to unpaid state fees of $2,400. Your business cannot legally operate. Pay at http://business-license-suspended.com before state shuts you down.",1
CRITICAL ALERT: Your child's school reports unauthorized person tried to pick up your child using your name. Police investigating. Verify at https://school-security-incident.com urgently.,1
IMMEDIATE: Your prescription medication recalled due to contamination with fatal toxin. Stop taking immediately. Check recall at https://prescription-recall-emergency.com and see doctor.,1
URGENT: Your social media accounts posting extremist content that you didn't create. FBI cybercrime division may be investigating. Delete posts at https://social-extremist-hack.com now.,1
WARNING: Your home security system shows forced entry attempt at back door 20 minutes ago. Police not dispatched due to expired monitoring. Check cameras at http://security-breach-alert.com,1
CRITICAL: Your tax return audit scheduled for October 23rd but you never received notice. Failure to appear results in automatic assessment. Respond at http://tax-audit-notice.com today.,1
ALERT: Your pet microchip registered to different owner in different state. Your dog could be taken if found. Correct registration at https://pet-microchip-fraud.com immediately.,1
URGENT: Your utility company shutting off power in 4 hours for $847 past due. All food in fridge will spoil. Pay at http://utility-shutoff-emergency.com before 5 PM cutoff.,1
WARNING: Your domain name hijacked and pointing to phishing site using your business name. Your customers being scammed. Recover domain at http://domain-hijack-recovery.com now.,1
CRITICAL: Your pharmacy filled prescription with wrong medication. Dangerous drug interaction possible. Return medication at https://pharmacy-error-emergency.com before taking another dose.,1
"IMMEDIATE: Your car recalled for brake failure affecting 200,000 vehicles. Accidents reported. Schedule repair at http://car-recall-emergency.com before driving again.",1
"URGENT: Your checking account levied by IRS for $12,400 back taxes. All funds frozen and checks will bounce. Release levy at http://irs-levy-release.com within 24 hours.",1
ALERT: Your background check for new job shows felony conviction you never committed. Job offer will be rescinded. Dispute at http://background-check-error.com before employer sees.,1
WARNING: Your apartment complex reports gas leak in your unit. Evacuate immediately and don't use any electronics. Report safe at http://gas-leak-emergency.com from outside.,1
"CRITICAL: Your flight tomorrow canceled due to airline bankruptcy. No rebooking available and tickets non-refundable. File claim at http://airline-bankruptcy-claim.com to recover $2,400.",1
URGENT: Your storage unit shows rent 60 days overdue. Your belongings will be auctioned October 25th per state law. Pay at https://storage-auction-prevention.com to save items.,1
IMMEDIATE: Your water supply contaminated with http://E.coli per county health department. Boil water notice in effect. Check levels at http://water-contamination-alert.com,1
WARNING: Your professional license suspended due to unpaid continuing education. You cannot legally work in your field. Complete credits at http://license-suspension-fix.com urgently.,1
CRITICAL ALERT: Your child's college application shows fraudulent SAT scores someone submitted. Admission will be revoked. Report at http://college-application-fraud.com immediately.,1
URGENT: Your homeowners insurance canceled due to inspection showing roof damage. Mortgage company requires insurance. Get emergency coverage at http://homeowners-emergency-policy.com today.,1
"ALERT: Your vehicle registration expired 6 months ago making insurance invalid. Accident yesterday means you're personally liable for $28,000 in damages. Get legal help at http://expired-registration-liability.com",1
WARNING: Your Real ID driver's license application denied due to identity verification failure. Your license expires October 31st. Fix at https://real-id-verification-fix.com this week.,1
"CRITICAL: Your septic system failed inspection and health department ordered red tag. Cannot live in home until fixed costing $8,400. Get emergency service at http://septic-emergency-repair.com now.",1
URGENT: Your account has been temporarily suspended due to suspicious login activity detected from an unknown device in Russia. Verify your identity immediately at http://account-security-verify.com or your account will be permanently deleted within 24 hours.,1
"WARNING! Unauthorized transaction of $847.29 detected on your card ending in 4729. If this wasn't you, secure your account now at http://card-fraud-dispute.com before additional charges occur.",1
Your package delivery has FAILED three times. Storage fees of $4.99 per day are now accumulating. Update your delivery address immediately at http://usps-redelivery-update.com or the package will be returned to sender.,1
"CRITICAL SECURITY ALERT: We detected an attempt to access your account from Moscow, Russia at 3:47 AM today. If this wasn't you, change your password immediately at http://secure-password-reset.net",1
Your payment method was DECLINED. Update your billing information within 2 hours at https://payment-update-secure.com or your subscription will be canceled and you'll lose access to all services.,1
ACCOUNT LOCKOUT IMMINENT: Multiple failed login attempts detected. Verify you are the account owner at http://identity-verification-center.com within the next 60 minutes to prevent permanent account closure.,1
Package delivery exception: Your shipment is being held at customs. Pay the $12.50 processing fee immediately at http://customs-fee-payment.net to avoid return to sender. Your tracking number: 1Z9847KL2947.,1
Your account shows irregular activity. We've temporarily frozen all transactions. Restore full access by confirming your identity at http://account-restore-access.com before 11:59 PM tonight.,1
"URGENT TAX NOTICE: You have an unclaimed refund of $1,247.89. Claim it now at http://irs-refund-claim-center.com before the October 31st deadline or forfeit the amount.",1
Your Netflix subscription payment failed. Update your payment method at http://netflix-billing-update.com within 24 hours or your account will be permanently closed and viewing history deleted.,1
Security breach detected on your email account. Someone may have accessed your private messages. Secure your account immediately at http://email-security-check.com,1
"Your Apple ID was used to make a purchase of $299.99 for iPhone 15 Pro. If you didn't authorize this, cancel the order now at http://apple-purchase-review.com",1
Final notice: Your account will be deleted in 6 hours due to verification requirements. Complete verification at http://account-verify-now.com to maintain access.,1
"Suspicious login detected from IP address 45.142.89.203 in Ukraine. If this wasn't you, secure your account at http://login-security-alert.net immediately.",1
Your package is undeliverable due to incorrect address. Confirm shipping details at https://package-address-fix.com within 48 hours or it will be returned.,1
ACCOUNT COMPROMISED: Your password may have been exposed in a data breach. Reset it immediately at http://password-breach-response.com to protect your account.,1
Payment of $847.23 is overdue. Pay now at http://invoice-payment-urgent.com to avoid $50 late fee and service interruption. Account #: INV-2024-8473,1
Your cryptocurrency wallet shows unusual withdrawal activity. Freeze your account now at http://crypto-wallet-protect.com to prevent unauthorized transfers.,1
Amazon Prime membership will be canceled in 12 hours due to payment issue. Update billing at http://amazon-billing-fix.com to continue your benefits.,1
Your Google account will be closed due to suspicious activity. Verify ownership at https://google-account-recovery.net within 3 hours to prevent data loss.,1
Attention: Your employee benefits enrollment period closes in 48 hours. Review and update your selections at http://hr-benefits-portal.com to avoid losing coverage for 2025.,1
"Notice: Invoice #A-8847 for $1,847.29 is now 15 days overdue. Remit payment immediately at http://corporate-invoice-center.com to avoid service interruption and late fees.",1
IT Security Mandate: All employees must enable two-factor authentication by October 25th. Configure your account at http://company-2fa-setup.com per corporate security policy.,1
Payroll Department: Your direct deposit information requires verification. Update your banking details at http://payroll-verify-center.com by Friday to ensure timely payment.,1
Important: Your W-2 tax forms are ready for download. Access them securely at http://employee-tax-documents.com using your employee ID and last 4 digits of SSN.,1
Compliance Alert: Annual security training is overdue. Complete the mandatory course at http://corporate-training-portal.com within 5 business days to maintain system access.,1
Attention Team: New expense reimbursement system launching Monday. Register your account at http://expense-portal-registration.com before the weekend to avoid delays.,1
Notice: Your company email account requires re-authentication due to server migration. Verify credentials at http://email-migration-verify.com to prevent service disruption.,1
HR Notification: Update your emergency contact information in our new system at https://employee-info-update.com. This is required for all staff by month end.,1
IT Department: Your workstation software license expires in 72 hours. Renew immediately at https://software-license-renewal.com to maintain productivity tools access.,1
Benefits Coordinator: Open enrollment ends soon. Make your healthcare selections at http://benefits-enrollment-2025.com or you'll default to basic coverage only.,1
Accounts Receivable: Payment for invoice #2024-Q3-8847 is past due. Process payment at http://vendor-payment-portal.com to maintain good standing with our organization.,1
Security Team: Your VPN certificate expires October 20th. Download the renewed certificate at http://vpn-cert-renewal.com to maintain remote access capabilities.,1
Payroll Notice: Tax withholding forms need updating. Submit new W-4 information at http://payroll-tax-update.com before the next pay period begins.,1
IT Alert: Mandatory password reset required for all users. Update your credentials at http://password-policy-compliance.com within 24 hours per security protocols.,1
HR Department: Your performance review is available. Access the document at https://performance-review-portal.com and acknowledge receipt within 3 business days.,1
Finance: Your corporate credit card statement shows unusual activity. Review charges at http://card-activity-review.com and report any discrepancies immediately.,1
Attention: Company directory information is being updated. Verify your contact details at https://employee-directory-update.com to ensure accurate internal records.,1
IT Services: Your cloud storage quota is at 98% capacity. Upgrade your allocation at http://storage-upgrade-portal.com or risk losing important files.,1
Benefits Team: Your health insurance premium payment failed. Update billing information at http://insurance-payment-update.com to avoid coverage lapse.,1
Compliance Office: Annual ethics training certification is required. Complete the course at https://ethics-training-center.com by October 31st to remain in compliance.,1
Payroll Services: Direct deposit verification needed. Confirm your bank routing and account numbers at http://payroll-banking-verify.com for continued service.,1
IT Security: Your security clearance badge requires renewal. Schedule your appointment at http://badge-renewal-scheduling.com before your current badge expires.,1
HR Notice: Update your professional certifications in our system. Log in at http://employee-credentials-update.com to maintain your qualification records.,1
Accounting: Expense report #ER-2024-847 requires additional documentation. Upload receipts at http://expense-documentation-portal.com within 48 hours.,1
IT Department: System maintenance scheduled for this weekend. Backup your local files and confirm completion at http://system-backup-confirm.com by Friday.,1
Benefits: Your flexible spending account needs attention. Review and adjust contributions at http://fsa-management-portal.com before the deadline.,1
Security Team: Your building access permissions are expiring. Renew your authorization at http://facility-access-renewal.com to maintain entry privileges.,1
Payroll: Year-end bonus distribution requires updated information. Verify your details at http://bonus-distribution-center.com by December 1st.,1
IT Services: Your email storage is full. Archive old messages or upgrade at http://email-storage-management.com to continue receiving new mail.,1
HR Department: Your employment contract is up for renewal. Review terms and sign electronically at http://contract-renewal-portal.com before expiration.,1
Compliance: Your safety training certification has lapsed. Complete recertification at http://safety-training-renewal.com to maintain floor access.,1
Finance Team: Your procurement card limit requires reauthorization. Submit request at http://pcard-limit-authorization.com with updated justification.,1
IT Alert: Your software licenses need annual verification. Complete the audit at https://license-compliance-check.com to avoid service termination.,1
Benefits Office: Your 401k contribution elections need review. Make changes at https://retirement-plan-enrollment.com during this quarter's window.,1
Security: Your network access token is expiring. Request a new token at http://network-token-renewal.com before losing system connectivity.,1
Payroll Notice: Your wage garnishment order requires updated documentation. Submit paperwork at http://payroll-legal-documents.com immediately.,1
HR Services: Your employee handbook acknowledgment is missing. Review and sign at http://policy-acknowledgment-portal.com to complete onboarding.,1
IT Department: Your mobile device management profile needs updating. Install the new profile from https://mdm-profile-update.com for continued access.,1
Benefits: Your life insurance beneficiary information is incomplete. Update designations at http://beneficiary-update-center.com for policy validation.,1
Compliance Team: Your annual conflict of interest disclosure is due. Submit your statement at http://coi-disclosure-portal.com by month end.,1
Finance: Your travel and entertainment expenses exceed policy limits. Submit explanation at https://expense-exception-request.com for approval.,1
IT Security: Your privileged access review is required. Certify your permissions at https://access-review-certification.com within 5 days.,1
Payroll: Your timesheet for last period shows discrepancies. Correct entries at https://timesheet-correction-portal.com before payroll processing.,1
HR Notice: Your professional development plan needs annual update. Submit your goals at https://career-development-portal.com by quarter end.,1
IT Services: Your desktop computer is flagged for replacement. Schedule your upgrade at https://equipment-replacement-schedule.com this month.,1
Benefits Team: Your dependent eligibility verification is required. Submit documentation at http://dependent-verification-center.com within 30 days.,1
Security Office: Your visitor badge sponsorship requires renewal. Update authorized visitors at https://visitor-management-portal.com before expiration.,1
Payroll Department: Your state tax withholding needs updating due to new regulations. Adjust settings at http://state-tax-update.com immediately.,1
IT Alert: Your multi-factor authentication method is outdated. Configure new authentication at http://mfa-method-update.com for enhanced security.,1
Hey! I tried sharing that Q3 report with you but the link expired. Can you grab it from this new share link? http://docs-shared-view.com/q3-report-2024,1
Hi there! You've been selected for an exclusive $500 gift card giveaway. Only 50 spots available so claim yours quick at http://giftcard-exclusive-claim.com before they're gone!,1
"Hey, someone tagged you in a photo that's getting tons of likes. Check it out here: https://social-photo-view.com/tagged/user847 Pretty funny stuff haha",1
Hi! Your friend Sarah sent you a shared album with 47 new photos. View them all at http://photo-album-share.com/sarah-vacation before the link expires.,1
Hey there! I found this amazing discount code for 70% off everything. Thought you'd want it before it expires tonight: http://discount-code-claim.com/limited,1
Hi! You have a voice message waiting. It's marked urgent so you should probably listen to it: http://voicemail-playback.com/message-8847,1
"Hey, your package from Amazon is ready for pickup but they need you to confirm the location. Update your preferences here: http://package-pickup-location.com",1
Hi there! Someone sent you a secure file through our encrypted service. Download it before it expires: http://secure-file-transfer.com/download/x8k2m,1
Hey! Your Spotify Premium is about to expire. Renew at this special rate before losing your playlists: https://spotify-renewal-discount.com,1
Hi! You won a free trial of our premium service. Activate it now at http://premium-trial-activation.com before the offer closes.,1
"Hey, I saw this job posting that's perfect for you. Check it out before it closes: https://job-opportunity-exclusive.com/posting-8847",1
Hi there! Your friend request from Jessica is still pending. Accept it here: https://social-friend-request.com/accept/jessica2024,1
Hey! Your order is ready for shipping but we need to verify your address. Confirm at http://order-shipping-confirm.com/verify,1
Hi! You have 3 new connection requests on LinkedIn. View them now at http://linkedin-connections-view.com before they expire.,1
Hey there! Your e-ticket for the concert is ready. Download it from https://ticket-download-center.com/event-8847 before showtime.,1
Hi! Someone mentioned you in a comment thread. See what they said at https://social-mention-view.com/thread-2847,1
Hey! Your subscription box is shipping soon but we need payment info updated. Fix it quick at http://subscription-payment-fix.com,1
Hi there! You've earned reward points that are about to expire. Redeem them at http://rewards-redemption-center.com today!,1
"Hey, your cloud backup is almost full. Upgrade your storage at http://cloud-storage-upgrade.com to keep your files safe.",1
Hi! A document was shared with you that needs your signature. Sign it here: http://document-signature-request.com/doc-8847,1
Hey there! Your streaming service has a payment issue. Update your card at http://streaming-billing-update.com to keep watching.,1
Hi! You received a private message that requires verification to view. Check it at http://message-verification-view.com,1
Hey! Your online order has a delivery issue. Reschedule at http://delivery-reschedule-center.com before it gets returned.,1
Hi there! Someone sent you a gift card. Claim it before it expires at http://giftcard-claim-portal.com/gift-x847k,1
"Hey, your email is almost at storage limit. Free up space or upgrade at https://email-storage-fix.com to keep receiving mail.",1
Hi! Your password reset request is ready. Complete it at https://password-reset-verification.com if you requested this.,1
Hey there! Your account settings need updating for the new privacy policy. Update at http://account-privacy-update.com,1
Hi! You have unclaimed cashback rewards worth $87. Collect them at https://cashback-rewards-claim.com before month end.,1
"Hey, someone shared a folder with you containing 23 files. Access it at http://folder-shared-access.com/folder-k847",1
Hi there! Your trial period ends tomorrow. Upgrade now at http://trial-upgrade-offer.com to keep all your saved data.,1
Hey! You were mentioned in a group chat. See the conversation at http://group-chat-view.com/thread-8k47,1
Hi! Your appointment reminder needs confirmation. Confirm your slot at http://appointment-confirm-center.com ASAP.,1
Hey there! Your wishlist item just went on sale. Grab it now at https://wishlist-sale-alert.com before stock runs out.,1
Hi! Someone wants to share their calendar with you. Accept the invite at https://calendar-share-accept.com/invite-847,1
"Hey, your profile views increased 300% this week. See who viewed you at https://profile-views-analytics.com",1
Hi there! Your shipping label is ready to print. Download it from https://shipping-label-download.com/label-k847,1
Hey! You have a pending refund that needs processing. Claim it at http://refund-processing-center.com/claim-847,1
Hi! Your warranty is about to expire. Extend it now at http://warranty-extension-offer.com for a special rate.,1
Hey there! Your playlist was featured in a collection. Check it out at http://playlist-featured-view.com,1
Hi! Someone reported your post. Review the issue at http://content-review-response.com/case-847k,1
"Hey, your subscription auto-renews in 2 days. Cancel or modify at https://subscription-manage-center.com if needed.",1
Hi there! Your credit score update is available. View your new score at http://credit-score-update-view.com,1
Hey! You have a package exception. Resolve it at http://package-exception-resolve.com to get your delivery.,1
Hi! Your account anniversary rewards are ready. Collect them at http://anniversary-rewards-claim.com this week only.,1
Hey there! Someone wants to connect with you professionally. See their profile at http://professional-connect-view.com,1
Hi! Your order shipped but tracking isn't updating. Check status at http://order-tracking-fix.com/track-847k,1
"Hey, your payment method expires soon. Update it at http://payment-method-update.com to avoid service interruption.",1
Hi there! You were invited to a private group. Join now at http://private-group-invitation.com/join-847,1
Hey! Your security settings are outdated. Upgrade them at http://security-settings-upgrade.com for better protection.,1
Hi! You have new followers who want to connect. View them at http://new-followers-view.com/connections,1
"Password reset requested for your account. Confirm here: http://reset-password-now.com/verify If you didn't request this, secure your account immediately.",1
Package undeliverable. Update address: https://package-tracking-fix.net/address Delivery attempt failed.,1
Your refund of $487.99 is ready. Claim now: https://tax-refund-claim.com/process Expires in 48 hours.,1
Account locked due to suspicious activity. Unlock: http://account-unlock-center.com/restore,1
Payment failed. Update card: https://payment-method-fix.com/update Service will be suspended in 24 hours.,1
Verify your identity: http://identity-verification-urgent.com/verify Account access restricted until complete.,1
Shipment delayed. Reschedule delivery: https://delivery-reschedule-now.com/update,1
Security alert: unauthorized login detected. Review: https://security-alert-review.com/incident-847,1
Invoice overdue. Pay now: http://invoice-payment-urgent.com/pay Account #: 8847-2024,1
Password expires today. Reset: https://password-expiry-reset.com/change,1
Package held at customs. Pay fee: http://customs-fee-payment.com/pay Amount due: $15.99,1
Account suspension pending. Verify: https://account-verify-immediate.com/confirm,1
Refund processing error. Update info: https://refund-information-update.com/fix,1
Credit card declined. Update: https://card-update-urgent.com/billing,1
Delivery exception. Resolve: http://delivery-exception-fix.com/resolve,1
Account verification required. Complete: http://account-verification-required.com/complete Deadline: tonight.,1
Payment bounce detected. Fix: http://payment-bounce-resolution.com/update,1
Security breach. Change password: https://security-breach-response.com/password,1
Order canceled. Review: http://order-cancellation-review.com/details,1
Account compromised. Secure: http://account-security-restore.com/protect,1
Subscription ending. Renew: http://subscription-renewal-urgent.com/renew,1
Tax form missing. Submit: https://tax-form-submission.com/upload,1
Identity theft alert. Respond: https://identity-theft-alert.com/respond,1
Payment reversal. Confirm: https://payment-reversal-confirm.com/verify,1
Access denied. Restore: http://access-restoration-center.com/restore,1
Billing error detected. Fix: http://billing-error-correction.com/fix,1
Package returned. Claim: https://package-return-claim.com/reclaim,1
Account freeze imminent. Act now: http://account-freeze-prevention.com/urgent,1
Transaction declined. Retry: http://transaction-retry-center.com/process,1
Service interruption. Resolve: http://service-interruption-fix.com/restore,1
Verification expired. Renew: http://verification-renewal-center.com/renew,1
Payment pending. Complete: http://payment-completion-center.com/finalize,1
Account closure warning. Prevent: http://account-closure-prevention.com/stop,1
Fraud alert triggered. Review: http://fraud-alert-review.com/case-847,1
Order on hold. Release: http://order-hold-release.com/continue,1
Access suspended. Reinstate: http://access-reinstatement.com/activate,1
Billing dispute. Resolve: https://billing-dispute-resolution.com/settle,1
Account disabled. Enable: https://account-enable-center.com/reactivate,1
Payment error. Correct: http://payment-error-correction.com/fix,1
Security lockout. Override: https://security-lockout-override.com/unlock,1
Subscription lapsed. Restore: http://subscription-restore-center.com/renew,1
Verification failed. Retry: https://verification-retry-center.com/attempt,1
Payment rejected. Update: https://payment-rejection-update.com/correct,1
Account warning. Review: http://account-warning-review.com/details,1
Service suspended. Resume: http://service-resume-center.com/continue,1
Transaction blocked. Authorize: https://transaction-authorization.com/approve,1
Account audit required. Complete: http://account-audit-center.com/submit,1
Payment hold. Release: http://payment-hold-release.com/authorize,1
Access revoked. Request: http://access-request-center.com/reinstate,1
Subscription canceled. Undo: http://subscription-cancellation-undo.com/restore,1
"Your Chase checking account has been locked due to suspicious transactions totaling $2,847.52 detected from an unfamiliar location. Review these transactions and verify your identity at https://chase-account-verify.com to restore access.",1
"PayPal Security Alert: We detected unusual activity on your account including a pending transfer of $1,299.00. If you did not authorize this, cancel immediately at http://paypal-security-review.com",1
Your bank account shows irregular withdrawals. We've temporarily frozen all transactions to protect your funds. Restore full access by confirming your identity at http://bank-account-restore.com within 24 hours.,1
"Wells Fargo notification: Your debit card ending in 4729 was used for a purchase of $847.99 at an international merchant. If this wasn't you, dispute the charge at http://wellsfargo-dispute-center.com",1
CRYPTOCURRENCY ALERT: Your Bitcoin wallet shows unusual activity. Someone may have accessed your private keys. Secure your wallet immediately by updating credentials at https://crypto-wallet-secure.net,1
"Your credit card payment of $2,450.00 has been declined three times. Update your payment information at http://credit-payment-update.com to avoid late fees and credit score damage.",1
"IRS Tax Notice: You have an unclaimed refund of $1,847.00 from your 2023 tax return. Claim it within 30 days at http://irs-refund-processing.com or the amount will be forfeited. Reference: TAX-2024-847JK",1
Bank of America: Your account has been selected for a security upgrade. Verify your information at https://bankofamerica-security-upgrade.com to maintain uninterrupted access to online banking.,1
Your Venmo account shows a pending charge of $599.99 that you may not have authorized. Review and cancel if fraudulent at http://venmo-transaction-review.com before it processes.,1
"Capital One Alert: Your credit limit increase request requires additional verification. Complete the process at http://capitalone-verify-income.com to receive your approved $5,000 limit increase.",1
Your checking account overdraft protection has been triggered. Deposit funds or link a backup account at https://overdraft-protection-setup.com to avoid $35 fees per transaction.,1
"Zelle Security Notice: A transfer of $750.00 to an unknown recipient is pending. If you didn't initiate this, cancel at http://zelle-transfer-cancel.com immediately.",1
Your investment account shows unauthorized trades. We've halted all activity. Verify recent transactions at https://investment-account-verify.com to resume trading.,1
"Discover Card: Your account has been flagged for potential fraud after charges totaling $3,247.89 in the last hour. Verify these purchases at http://discover-fraud-check.com",1
Your savings account interest rate can be increased to 4.5% APY. Confirm your eligibility at http://savings-rate-upgrade.com before this limited-time offer expires.,1
"American Express: Your card ending in 1008 was declined for a $1,299 purchase. Update billing address at https://amex-billing-update.com to complete the transaction.",1
Your 401k retirement account requires immediate attention due to new IRS regulations. Update beneficiary information at http://401k-compliance-update.com to avoid penalties.,1
"TD Bank Security: Suspicious wire transfer of $5,000 detected. If you didn't authorize this, freeze your account at http://tdbank-wire-freeze.com within 2 hours.",1
Your crypto exchange account shows login attempts from 5 different countries. Secure your holdings at https://crypto-exchange-secure.com before unauthorized trades occur.,1
"Citibank Alert: Your mortgage payment of $2,847 was returned for insufficient funds. Avoid foreclosure proceedings by making payment at http://citi-mortgage-payment.com immediately.",1
"Your tax refund direct deposit failed due to incorrect banking information. Update your details at http://tax-refund-redeposit.com to receive your $1,247 refund.",1
USAA notification: Your auto insurance payment bounced. Coverage will lapse in 48 hours. Process payment at http://usaa-payment-emergency.com to maintain protection.,1
"Your brokerage account margin call requires $8,500 deposit by market close. Transfer funds at https://brokerage-margin-deposit.com to avoid forced liquidation of positions.",1
PNC Bank: Your account has been selected for identity theft protection enrollment. Activate your free monitoring at http://pnc-identity-protect.com within 72 hours.,1
"Your credit union account shows a large pending check that may be fraudulent. Verify the $4,200 check at http://credit-union-check-verify.com before it clears.",1
Ally Bank: Your high-yield savings account rate is dropping unless you reconfirm your account status. Maintain your 3.8% rate at http://ally-rate-maintain.com,1
"Your student loan forgiveness application was approved for $45,000. Claim your benefit at https://student-loan-forgiveness-claim.com before the program deadline.",1
"Schwab Alert: Your retirement account shows unauthorized distribution request. Cancel this $50,000 withdrawal at http://schwab-distribution-cancel.com if you didn't initiate it.",1
Your HSA health savings account has unclaimed reimbursements totaling $847. Submit claims at http://hsa-reimbursement-claim.com before year-end deadline.,1
Navy Federal: Your car loan payment is 5 days overdue. Avoid repossession and credit damage by paying at https://navyfederal-loan-payment.com today.,1
"Your escrow account for property taxes shows a shortage of $2,400. Make up the difference at http://escrow-shortage-payment.com to avoid mortgage payment increase.",1
"Fidelity notification: Your IRA contribution limit will be missed. Make your $6,500 contribution at http://fidelity-ira-contribute.com before the April deadline.",1
Your small business account shows suspicious ACH transactions. We've paused all transfers. Verify activity at http://business-account-verify.com to resume operations.,1
"SoFi Alert: Your personal loan pre-approval of $25,000 at 5.9% APR expires in 48 hours. Accept your offer at http://sofi-loan-acceptance.com before rates increase.",1
"Your merchant account has held payments totaling $12,500. Release these funds by updating business information at http://merchant-account-release.com",1
Robinhood: Your crypto holdings increased 500% overnight due to a glitch. Secure your profits by transferring at http://robinhood-profit-secure.com before correction.,1
Your premium checking account benefits will be downgraded unless you maintain the minimum balance. Avoid fees by depositing at http://premium-account-maintain.com,1
Marcus by Goldman Sachs: Your CD is maturing in 7 days. Renew at the guaranteed 4.2% rate at https://marcus-cd-renewal.com or funds will transfer to low-yield savings.,1
"Your insurance claim of $15,000 has been approved. Receive your settlement by completing paperwork at http://insurance-claim-settlement.com within 10 days.",1
"M&T Bank: Your business credit line increase to $100,000 is approved. Accept the terms at http://mtbank-credit-increase.com to access additional funds.",1
Your pension account requires beneficiary update due to new regulations. Submit updated forms at https://pension-beneficiary-update.com to ensure proper distribution.,1
Synchrony Bank: Your store card rewards of $247 are expiring. Redeem at http://synchrony-rewards-redeem.com before month end or lose your points.,1
Your cashback credit card has $387 ready for redemption. Choose your redemption method at https://cashback-redemption-center.com before annual reset.,1
Regions Bank: Your account qualifies for premium upgrade with no monthly fees. Accept at https://regions-premium-upgrade.com before the promotional period ends.,1
Your money market account rate can jump to 4.8% with a simple verification. Confirm eligibility at http://money-market-rate-boost.com today.,1
"KeyBank notification: Your home equity line of credit has been pre-approved for $75,000. Access funds at https://keybank-heloc-activation.com with no closing costs.",1
"Your payment protection insurance claim for $5,200 has been processed. Collect your payout at https://payment-protection-claim.com within 30 days.",1
Fifth Third Bank: Your rewards checking account has earned $150 bonus. Claim your bonus at http://53bank-bonus-claim.com before the quarterly deadline.,1
"Your forex trading account shows margin excess. Withdraw available funds of $8,400 at http://forex-withdrawal-process.com before market volatility changes.",1
Huntington Bank: Your overdraft forgiveness program enrollment is pending. Complete signup at https://huntington-overdraft-forgiveness.com to waive past fees totaling $245.,1
"Your Apple ID was used to sign in to iCloud on a Windows PC in Moscow, Russia on October 18, 2025 at 2:47 AM EST. If this wasn't you, protect your account immediately at http://appleid-security-check.com",1
Google Account Security Alert: We noticed unusual activity on your account including login attempts from 3 different countries in the past hour. Secure your account now at https://google-account-protection.net,1
Microsoft Security Team: Your Office 365 account shows suspicious file sharing activity. Someone may have accessed your OneDrive. Review activity at http://microsoft-security-review.com,1
"Your Amazon account was used to make a purchase of $849.99 for a MacBook Pro from an IP address in Ukraine. If you didn't authorize this, cancel the order at http://amazon-purchase-review.com",1
"Facebook Security: Your password was changed from an unrecognized device in Beijing, China. If this wasn't you, recover your account at http://facebook-account-recovery.com immediately.",1
Your Gmail account storage is 99% full at 14.8GB of 15GB. Upgrade your storage plan at https://gmail-storage-upgrade.com or you'll stop receiving new emails within 24 hours.,1
"Instagram Security Alert: Someone tried to log into your account from Lagos, Nigeria. We blocked this attempt. Secure your account at http://instagram-security-verify.com",1
Your Twitter account shows login activity from an Android device you don't recognize. Change your password at http://twitter-password-change.com to prevent unauthorized access.,1
"LinkedIn Security: Your account was accessed from Moscow, Russia using Chrome browser. If this wasn't you, secure your account at http://linkedin-security-check.com",1
Dropbox notification: Your account has been compromised. Multiple files were downloaded from an unknown location. Reset your password at http://dropbox-security-reset.com,1
Your Microsoft account security info is outdated. Add recovery options at http://microsoft-recovery-update.com or risk losing access if you forget your password.,1
Apple iCloud: Your storage is full at 5GB. Upgrade to 50GB for just $0.99/month at http://icloud-storage-upgrade.com or your photos will stop backing up.,1
"Your Steam account shows login from Saint Petersburg, Russia. If this wasn't you, someone may be trying to steal your games. Secure at http://steam-account-protect.com",1
Adobe Creative Cloud: Your subscription payment failed. Update billing at http://adobe-billing-update.com within 48 hours or lose access to all applications.,1
"Your PlayStation Network account was accessed from Tokyo, Japan. If you didn't travel there, change your password at https://psn-security-update.com immediately.",1
TikTok Security: Unusual activity detected including bulk video downloads. Verify this was you at http://tiktok-security-verify.com or your account may be suspended.,1
Your Spotify account is being used simultaneously on 12 devices. Someone may have shared your login. Secure your account at http://spotify-account-secure.com,1
Discord Security Alert: Your account shows messages sent to servers you never joined. You may be hacked. Reset password at https://discord-security-reset.com,1
"Netflix: Someone in Brazil is watching your account right now. If this isn't your family, change your password at http://netflix-password-change.com",1
"Your Reddit account was logged into from Bucharest, Romania. Secure your account at https://reddit-security-check.com if you didn't authorize this access.",1
"WhatsApp Security: Your account is being used on a new device in Pakistan. If you didn't add this device, secure your account at http://whatsapp-verify-device.com",1
Zoom Security: Your account hosted meetings with 500+ participants you don't recognize. Verify these weren't hijacked at http://zoom-security-review.com,1
Your Epic Games account shows login attempts from 8 different countries. Someone may have your password. Change it at https://epicgames-password-reset.com,1
Snapchat Security Alert: Your account shows snaps sent to users you don't follow. Change your password at http://snapchat-security-change.com immediately.,1
"Your Xbox Live account was accessed from Manila, Philippines. If this wasn't you, secure your account at https://xbox-account-security.com before charges occur.",1
Pinterest Security: Someone created 50+ boards on your account overnight. This wasn't you. Secure your account at http://pinterest-security-verify.com,1
"Your Twitch account shows streaming activity from Kiev, Ukraine. If you're not there, someone may have access. Secure at http://twitch-account-protect.com",1
Venmo Security: Your account shows payment requests from users you don't know. Verify your security settings at http://venmo-security-settings.com,1
"Your WordPress site shows admin login from Hanoi, Vietnam. If you didn't log in, someone may have hacked your site. Secure at http://wordpress-security-fix.com",1
GitHub Security Alert: Your repository was cloned 847 times from suspicious IP addresses. Review access at http://github-security-audit.com immediately.,1
Your Salesforce account shows data exports you didn't authorize. Someone may be stealing customer information. Secure at https://salesforce-security-check.com,1
Slack Security: Your workspace shows messages sent by your account at 3 AM that you don't remember sending. Verify at http://slack-security-verify.com,1
Your Outlook account has suspicious forwarding rules set up. All your emails are being sent to an unknown address. Remove at https://outlook-forwarding-fix.com,1
Etsy Security: Your shop shows inventory changes you didn't make. Someone may have seller access. Secure your account at http://etsy-security-protect.com,1
"Your PayPal account security questions were changed from an IP in Russia. If this wasn't you, restore your security at https://paypal-security-restore.com",1
Uber Security Alert: Your account shows rides in cities you've never visited. Change your password at http://uber-security-update.com before charges increase.,1
Your DoorDash account is placing orders from multiple restaurants simultaneously. Someone has access. Secure at http://doordash-account-secure.com,1
"Airbnb Security: Your account shows booking requests for properties in 5 countries. If you're not traveling, secure at http://airbnb-security-check.com",1
Your Binance crypto account shows withdrawal attempts to unknown wallets. Freeze your account at http://binance-account-freeze.com before funds are stolen.,1
"Coinbase Security: Your two-factor authentication was disabled from a device in Turkey. If this wasn't you, re-enable at https://coinbase-2fa-restore.com",1
Your Fiverr account shows gigs posted that you didn't create. Someone may be using your seller account. Secure at http://fiverr-account-protect.com,1
Upwork Security Alert: Your account shows job applications sent to 50+ clients you don't recognize. Verify at http://upwork-security-verify.com,1
"Your Ring doorbell camera accessed from an IP address in China. If you don't have devices there, secure at http://ring-security-check.com immediately.",1
Nest Security: Your thermostat was adjusted 15 times overnight from an unknown device. Check your home security at http://nest-device-security.com,1
"Your LastPass vault shows export activity from Budapest, Hungary. If you didn't export passwords, secure vault at http://lastpass-security-emergency.com",1
"Dashlane Security: Your master password was changed from an unrecognized device. If this wasn't you, recover at http://dashlane-password-recovery.com",1
Your NordVPN account shows connections from 12 countries simultaneously. Someone may have shared your credentials. Secure at https://nordvpn-account-fix.com,1
"Grammarly Security: Your account shows documents accessed from Moscow. If these aren't yours, secure your work at https://grammarly-security-verify.com",1
"Your Canva account created 200+ designs overnight from an IP in Vietnam. If this wasn't you, secure your account at http://canva-account-protect.com",1
Notion Security Alert: Your workspace was shared with 50 unknown email addresses. Remove unauthorized access at http://notion-security-fix.com immediately.,1
USPS Tracking Update: Your package with tracking number 9400100000000000000000 has been held at our distribution center due to incomplete address information. Update details at http://usps-address-update.com within 48 hours to avoid return to sender.,1
FedEx Delivery Exception: Your shipment scheduled for delivery today cannot be completed due to incorrect apartment number. Provide correct details at http://fedex-delivery-update.com to receive your package.,1
UPS Notice: Package delivery attempted but no one was home. Your item is being held at our facility. Schedule redelivery at http://ups-redelivery-schedule.com before it's returned.,1
DHL Express: Your international package is being held at customs. Pay the required duty fee of $18.50 at http://dhl-customs-payment.com to release your shipment.,1
Amazon Delivery: Your order #847-2847294-8472947 shows delivery exception. Driver could not access your building. Update delivery instructions at http://amazon-delivery-fix.com,1
USPS Priority Mail: Your package has been delayed due to weather conditions. Reschedule delivery at http://usps-reschedule-delivery.com for your convenience.,1
FedEx Ground: Signature required for your package but no one was available. Schedule a delivery time at http://fedex-signature-schedule.com or pick up at local facility.,1
UPS International: Your package from overseas requires customs declaration form. Complete documentation at https://ups-customs-declaration.com to clear your shipment.,1
Your Amazon package is out for delivery but the driver reports your gate code is incorrect. Update access information at http://amazon-access-update.com for delivery today.,1
USPS Certified Mail: You have a certified letter waiting that requires signature. Schedule pickup at http://usps-certified-pickup.com or it will be returned in 15 days.,1
FedEx Overnight: Your express shipment has been delayed due to incorrect zip code. Verify address at http://fedex-address-verify.com to expedite delivery.,1
UPS Next Day Air: Package delivery failed due to business closed. Reschedule for residential delivery at http://ups-business-reschedule.com,1
DHL Shipment Alert: Your package weight exceeded declared amount. Pay additional shipping of $24.99 at https://dhl-shipping-adjustment.com for delivery.,1
Amazon Prime: Your two-day shipping was delayed. Get a delivery guarantee and refund at http://amazon-shipping-refund.com if not delivered by tomorrow.,1
USPS Tracking: Package damaged in transit. File a claim and request reshipment at https://usps-damage-claim.com within 7 days.,1
FedEx Security: Your package contains items requiring age verification. Upload ID at https://fedex-age-verification.com for delivery approval.,1
UPS Freight: Your large package requires special handling fee of $35. Pay at http://ups-handling-fee.com to schedule delivery.,1
Your package delivery requires contactless signature. Authorize delivery at http://package-contactless-authorize.com to complete shipment.,1
USPS Notice: Insufficient postage on your incoming package. Pay $4.50 shortage at http://usps-postage-due.com to receive your mail.,1
FedEx SmartPost: Final delivery attempt today. Confirm you'll be home at https://fedex-delivery-confirm.com or package returns to sender tomorrow.,1
UPS My Choice: Your delivery preferences expired. Update settings at http://ups-preferences-renew.com to maintain delivery notifications.,1
DHL eCommerce: Your package is at final mile carrier. Track final delivery at http://dhl-final-tracking.com for today's delivery window.,1
Amazon Locker: Your package was delivered to locker but pickup code wasn't sent. Retrieve code at http://amazon-locker-code.com expires in 3 days.,1
USPS Informed Delivery: New package heading to you requires delivery confirmation. Confirm receipt at http://usps-delivery-confirmation.com,1
FedEx Hold at Location: Your package is ready for pickup but location closes in 2 hours. Get extended hours at http://fedex-pickup-extension.com,1
UPS Access Point: Package delivered to access point but they're closing permanently. Pick up at https://ups-access-transfer.com before closure.,1
Your package from China requires import tax payment of $42. Pay at http://customs-import-tax.com to clear your order through customs.,1
USPS Package Intercept: Return to sender requested but package already in transit. Cancel intercept at http://usps-intercept-cancel.com to receive delivery.,1
FedEx Delivery Manager: Your package requires indirect signature. Authorize neighbor to sign at http://fedex-neighbor-authorize.com,1
UPS Delivery Alert: Package contains restricted items. Provide documentation at http://ups-restricted-clearance.com to proceed with delivery.,1
DHL Parcel: Your shipment route changed due to carrier issues. New delivery date at http://dhl-route-update.com is 5 days later.,1
Amazon Shipping: Multiple packages from your order are arriving separately. Track all shipments at http://amazon-multi-tracking.com,1
USPS Click N Ship: Your prepaid label expired before use. Renew label at http://usps-label-renewal.com to ship your package.,1
FedEx Returns: Your return package needs new label. Print updated label at http://fedex-return-reprint.com before dropoff.,1
UPS Return Service: Return window closing in 24 hours. Generate return label at http://ups-return-generate.com to send back your item.,1
Package delivery left at wrong address. Locate your package at https://package-location-tracker.com before recipient keeps it.,1
USPS Change of Address: Your packages are being forwarded to old address. Update at https://usps-address-correction.com immediately.,1
FedEx Delivery Proof: Recipient disputes receiving package. Provide proof at https://fedex-delivery-proof.com to close claim.,1
UPS Lost Package: Your package shows delivered but you never received it. File claim at https://ups-lost-claim.com within 24 hours.,1
Your package requires adult signature for delivery. Pre-authorize with ID upload at http://adult-signature-verify.com,1
USPS Mail Hold: Your vacation hold expired but mail is still being held. Release hold at https://usps-hold-release.com to resume delivery.,1
FedEx COD: Package requires cash payment of $124.99 on delivery. Prepay online at http://fedex-cod-payment.com for contactless delivery.,1
UPS Hazmat: Your package contains restricted materials. Provide safety documentation at https://ups-hazmat-clearance.com,1
DHL Pharmaceutical: Your medication shipment requires prescription verification. Upload at http://dhl-prescription-verify.com for release.,1
Amazon Fresh: Your grocery delivery arriving in 2 hours but items out of stock. Approve substitutions at https://amazon-fresh-substitutes.com,1
USPS PO Box: Your package too large for PO Box. Retrieve from main office or authorize larger box at http://usps-box-upgrade.com,1
FedEx Temperature Control: Your cold shipment exceeded temperature threshold. Authorize replacement at http://fedex-cold-chain.com,1
UPS SurePost: Final carrier unable to deliver. Switch to UPS direct delivery at http://ups-carrier-switch.com for $5.99.,1
Package insurance claim requires additional photos. Upload at http://package-insurance-photos.com to process your $500 claim.,1
USPS Media Mail: Your package opened for inspection. Contents don't qualify for media rate. Pay difference at http://usps-rate-adjustment.com,1
"LinkedIn Career Opportunities: A Fortune 500 company viewed your profile and wants to interview you for a $85,000/year remote position. View the offer at http://linkedin-job-offer.com before it expires.",1
"Indeed Job Alert: You've been selected for a work-from-home position that pays $4,500/month. No experience required. Apply now at https://indeed-remote-job.com before positions fill.",1
Remote Careers: Your application for Customer Service Representative was approved. Start earning $25/hour from home. Complete onboarding at https://remote-job-onboarding.com this week.,1
"ZipRecruiter Match: Your skills match a $95,000 Data Analyst position. The hiring manager wants to interview you tomorrow. Confirm availability at http://ziprecruiter-interview.com",1
"Career Builder Alert: You're pre-qualified for a Management Trainee role with full benefits and $70,000 starting salary. Accept the offer at http://careerbuilder-offer-accept.com",1
Glassdoor Opportunity: A recruiter from Google reviewed your profile. They want to discuss a senior engineering role. Schedule call at http://glassdoor-recruiter-connect.com,1
"Work From Home: Earn $3,000 weekly as a package inspector. Simple job checking packages from home. Register at https://home-inspector-jobs.com today.",1
Monster Jobs: Your resume was flagged by 5 employers this week. View all interview requests at http://monster-interview-requests.com before they expire.,1
FlexJobs Premium: Unlock 847 remote positions matching your profile. Upgrade your account at http://flexjobs-premium-unlock.com for exclusive access.,1
Amazon Work From Home: Join Amazon's customer service team. Earn $18/hour with full benefits. Apply at http://amazon-remote-careers.com before hiring ends.,1
Secret Shopper Network: Get paid $250 per assignment evaluating retail stores and restaurants. Sign up at http://secret-shopper-registration.com and start this weekend.,1
Apple Jobs: Apple is hiring remote tech support. $28/hour plus benefits. Your experience matches perfectly. Apply at https://apple-remote-apply.com,1
"Data Entry Position: Make $2,500/month entering data from home. Flexible hours, immediate start. Register at http://data-entry-jobs-now.com",1
"Microsoft Careers: Microsoft wants to interview you for a cloud solutions role. $120,000 salary plus stock options. Schedule at http://microsoft-career-interview.com",1
"Survey Jobs: Get paid $50 per survey completed. No skills needed, work your own hours. Join at https://paid-survey-signup.com and start earning today.",1
Freelance Writing: Major publications need writers urgently. Earn $100-500 per article. Apply at http://freelance-writing-jobs.com with your writing samples.,1
"Virtual Assistant: Busy executive needs virtual assistant immediately. $35/hour, 20 hours per week. Apply at http://virtual-assistant-hire.com",1
Meta Recruitment: Facebook parent company Meta is hiring. Your LinkedIn profile caught our attention. Interview at http://meta-careers-interview.com,1
Medical Billing Remote: Healthcare company needs medical billers. $24/hour work from home. Certification not required. Apply at https://medical-billing-remote.com,1
Tesla Careers: Tesla reviewed your engineering background. They want to discuss opportunities at their new facility. Apply at http://tesla-job-application.com,1
"Envelope Stuffing: Traditional envelope stuffing job pays $2 per envelope. Make $1,000+ weekly from home. Register at http://envelope-jobs-register.com",1
Netflix Jobs: Netflix is hiring content reviewers. Watch shows and get paid $22/hour. Perfect for movie lovers. Apply at https://netflix-reviewer-jobs.com,1
"Transcription Work: Transcribe audio files and earn $25/hour. Flexible schedule, work from anywhere. Sign up at https://transcription-work-home.com",1
Disney Remote: Disney Parks hiring remote customer service. $21/hour plus park passes. Your customer service experience qualifies you. Apply at http://disney-remote-jobs.com,1
Online Tutoring: Tutor students online and earn $40/hour. No teaching certificate needed. Register at http://online-tutor-signup.com and start this week.,1
Walmart Careers: Walmart expanding remote workforce. Product listing jobs available at $19/hour. Apply at http://walmart-remote-careers.com,1
Instagram Jobs: Become an Instagram content moderator. $23/hour reviewing posts from home. Apply at https://instagram-moderator-jobs.com,1
Translation Services: Bilingual? Earn $50/hour translating documents remotely. Immediate openings. Register at http://translation-jobs-remote.com,1
Target Work From Home: Target hiring remote positions for inventory management. $22/hour with employee discount. Apply at http://target-wfh-careers.com,1
"Bookkeeping Remote: Small businesses need bookkeepers. $30/hour, part-time available. No CPA required. Apply at http://bookkeeping-remote-jobs.com",1
"TikTok Moderator: TikTok hiring content moderators. $26/hour, must be 18+. Review videos from home. Apply at https://tiktok-moderator-apply.com",1
Travel Agent Remote: Become a remote travel agent. Earn commission plus $20/hour base. Training provided. Register at https://travel-agent-remote.com,1
Spotify Jobs: Spotify needs playlist curators. Get paid to organize music. $24/hour remote position. Apply at http://spotify-curator-jobs.com,1
"Customer Chat Support: Handle customer inquiries via chat only. $21/hour, evening shifts available. Apply at http://chat-support-jobs.com",1
Pinterest Jobs: Pinterest hiring remote community managers. $27/hour managing creator accounts. Apply at https://pinterest-remote-careers.com,1
Phone Research: Conduct market research calls from home. $18/hour flexible schedule. No sales involved. Register at https://phone-research-jobs.com,1
Uber Remote: Uber hiring remote support specialists. $23/hour helping drivers and riders. Apply at https://uber-support-careers.com,1
Social Media Manager: Startups need social media help. $35/hour managing accounts remotely. Apply at http://social-media-jobs-remote.com,1
"Email Processing: Process emails for companies. Earn $0.25 per email, unlimited volume. Sign up at http://email-processing-income.com",1
PayPal Careers: PayPal expanding customer service team. $25/hour remote with full benefits. Apply at http://paypal-careers-remote.com,1
"Video Editor Remote: Edit videos for content creators. $40/hour, choose your projects. Portfolio review at http://video-editor-jobs.com",1
Airbnb Support: Airbnb hiring remote customer specialists. $24/hour helping hosts and guests. Apply at http://airbnb-support-careers.com,1
Grant Writer: Nonprofits need grant writers. $45/hour writing proposals remotely. Experience preferred but not required. Apply at http://grant-writer-remote.com,1
DoorDash Remote: DoorDash hiring merchant support agents. $22/hour helping restaurants remotely. Apply at http://doordash-merchant-careers.com,1
"Podcast Editor: Edit podcasts for creators. $35/hour, flexible deadlines. Remote work worldwide. Apply at http://podcast-editor-jobs.com",1
Shopify Expert: Help stores with Shopify setup. $50/hour consulting remotely. Certification not required. Register at https://shopify-expert-jobs.com,1
Instagram Manager: Manage Instagram accounts for influencers. $30/hour per account managed. Apply at https://instagram-manager-jobs.com,1
"Online Researcher: Research topics for content creators. $20/hour, interesting projects. Work from anywhere. Apply at http://online-researcher-jobs.com",1
"LinkedIn Profile Writer: Write professional LinkedIn profiles. $100 per profile, unlimited clients. Register at http://linkedin-writer-jobs.com",1
YouTube Manager: Manage YouTube channels for creators. $35/hour handling uploads and engagement. Apply at http://youtube-manager-careers.com,1
Your account will be permanently closed in 6 hours due to failed verification. Complete the process immediately at http://account-verification-emergency.com to prevent data loss.,1
"Suspicious charge of $1,247.89 detected on your card ending in 8472. Dispute this transaction now at http://fraud-dispute-center.com before it posts to your account.",1
Package delivery failed three times to your address. Final attempt scheduled for today only. Confirm availability at http://delivery-confirmation-final.com,1
Security breach detected on your email account at 4:23 AM. Change your password immediately at http://email-security-emergency.com to prevent data theft.,1
Your subscription renews in 2 hours for $299.99. Cancel now at https://subscription-cancel-urgent.com if you don't want to be charged.,1
"Tax refund of $1,847 is waiting for processing. Claim within 48 hours at https://tax-refund-claim-now.com or it will be forfeited to the state.",1
"Someone logged into your account from Beijing, China 15 minutes ago. If this wasn't you, secure your account at https://account-security-immediate.com",1
Your payment method expires today. Update billing information at http://payment-update-now.com to avoid service interruption starting midnight.,1
Package held at customs requires $28 duty payment. Pay now at http://customs-payment-urgent.com or shipment returns to sender tomorrow.,1
Account suspension in progress due to policy violation. Appeal within 3 hours at http://account-appeal-center.com to maintain access.,1
Your refund request was approved for $487.99. Collect payment at http://refund-collection-portal.com before the 30-day window expires.,1
Unauthorized password reset requested 8 minutes ago. Cancel this request at http://password-reset-cancel.com if you didn't initiate it.,1
"Your device warranty expires in 24 hours. Extend coverage at http://warranty-extension-last-chance.com before losing protection on your $2,000 laptop.",1
"Prize claim deadline is tonight at midnight. Collect your $5,000 award at http://prize-claim-deadline.com with reference code PCL-8472.",1
Account locked due to suspicious login from Moscow. Unlock immediately at https://account-unlock-emergency.com to restore access.,1
Your direct deposit will fail without updated banking information. Fix at https://direct-deposit-update.com before Friday's payroll processing.,1
Package delivery attempted but access code to building was incorrect. Provide code at http://delivery-access-update.com for today's delivery.,1
Credit card declined for recurring payment of $149.99. Update card at http://payment-method-fix-now.com to avoid service cancellation.,1
Someone requested access to your account from an unrecognized device. Deny access at http://device-access-denial.com within 1 hour.,1
"Your insurance claim of $12,500 requires additional documentation. Upload at http://insurance-docs-upload.com before claim expires Friday.",1
Account verification link expires in 45 minutes. Complete verification at http://account-verify-45min.com or start registration over.,1
Your order ships in 2 hours but payment authorization failed. Reauthorize at https://payment-authorization-fix.com to avoid shipment delay.,1
Security alert triggered by unusual account activity. Review activity at https://security-activity-review.com within 30 minutes.,1
Your subscription downgrade processes tonight. Cancel downgrade at https://subscription-maintain-premium.com to keep premium features.,1
Package return window closes in 6 hours. Generate return label at https://return-label-urgent.com or you're stuck with the item.,1
Someone added a new device to your account 12 minutes ago. Remove device at http://device-removal-center.com if unauthorized.,1
Your account requires immediate identity verification. Upload ID at https://identity-verify-immediate.com or account closes tomorrow.,1
Payment of $847.29 bounced due to insufficient funds. Retry payment at http://payment-retry-center.com to avoid late fees of $50.,1
Your saved payment method was removed by security system. Add new payment at http://payment-method-add-now.com before next billing.,1
Account activity from 3 different countries detected today. Verify locations at http://location-verify-center.com or account freezes.,1
Your order cancellation failed to process. Reattempt cancellation at http://order-cancel-retry.com before it ships tonight.,1
Someone changed your account email 7 minutes ago. Reverse this change at https://email-change-reversal.com if unauthorized.,1
Your backup codes for two-factor authentication were reset. Generate new codes at https://backup-codes-generate.com immediately.,1
Package damaged in transit according to carrier report. File damage claim at https://package-damage-claim.com within 24 hours.,1
Account scheduled for deletion in 4 hours due to inactivity. Reactivate at http://account-reactivation-center.com to save your data.,1
Your payment plan modification rejected. Review rejection at http://payment-plan-review.com and submit corrected information.,1
Security questions for your account were changed from unknown device. Reset at http://security-questions-reset.com immediately.,1
"Your credit limit decrease processes in 2 hours. Appeal at http://credit-limit-appeal.com to maintain your current $10,000 limit.",1
Package delivery signature required but driver couldn't wait. Authorize contactless delivery at http://contactless-authorize.com,1
Account flagged for unusual spending patterns. Verify recent transactions at http://transaction-verify-center.com within 60 minutes.,1
Your phone number on file bounced verification text. Update number at http://phone-update-verify.com to maintain account security.,1
Someone downloaded all your data 20 minutes ago. Review download at http://data-download-review.com if this wasn't you.,1
Your account recovery email was changed. Reverse this at http://recovery-email-change.com if you didn't make this change.,1
Service cancellation request received but confirmation needed. Confirm at http://service-cancel-confirm.com or cancellation voids.,1
Your linked accounts were disconnected by security system. Reconnect at http://accounts-reconnect-center.com to restore functionality.,1
Account access attempt failed 8 times in 10 minutes. Reset security at http://security-reset-emergency.com if this wasn't you.,1
Your scheduled payment was canceled by your bank. Reschedule at http://payment-reschedule-now.com to avoid late fees.,1
Two-factor authentication was disabled on your account 5 minutes ago. Re-enable at https://2fa-reenable-urgent.com immediately.,1
Your account sharing settings were changed to public. Change back to private at http://privacy-settings-fix.com right away.,1
Someone exported your contact list 30 minutes ago. Review export at http://contact-export-review.com if unauthorized.,1
"Did you authorize a charge of $847.99 to your credit card today? If not, cancel this transaction immediately at http://transaction-cancel-verify.com",1
Have you seen the urgent message about your account status? Review it now at http://account-status-urgent.com before your access is restricted.,1
Are you still interested in the job opportunity we discussed? The position closes tonight. Confirm your interest at http://job-confirm-interest.com,1
"Can you confirm you requested a password reset 15 minutes ago? If not, someone may be trying to access your account at http://password-reset-confirm.com",1
"Did you order a MacBook Pro for $2,499? This purchase is processing now. Cancel if unauthorized at https://order-cancel-macbook.com",1
Have you received your package yet? Tracking shows delivered but signature required. Confirm receipt at https://package-receipt-confirm.com,1
Are you aware your subscription renews tomorrow for $199? Cancel or modify at http://subscription-renewal-check.com if you don't want to continue.,1
Did you change your account email to newuser@https://example.com? Reverse this change at https://email-change-verify.com if you didn't make it.,1
"Have you logged into your account from Moscow, Russia today? If not, secure your account immediately at http://location-login-verify.com",1
"Can you verify you authorized a wire transfer of $5,000? This transaction is pending. Review at http://wire-transfer-verify.com",1
Did you request account deletion? Your account closes in 48 hours. Cancel deletion at https://account-deletion-cancel.com if this was a mistake.,1
Are you the person who shared your account with 12 new users? Revoke access at https://account-sharing-revoke.com if this wasn't you.,1
Have you completed your security verification yet? Your deadline is tonight at 11:59 PM. Complete at http://security-verify-deadline.com,1
"Did you apply for a credit limit increase to $25,000? This application is processing. Review at http://credit-increase-review.com",1
Can you confirm your shipping address is still 123 Main St? Your package ships in 1 hour. Update at http://shipping-address-confirm.com,1
Are you planning to attend your scheduled appointment tomorrow at 2 PM? Confirm or reschedule at http://appointment-confirm-check.com,1
Have you noticed unusual activity on your account? Multiple login attempts were detected. Review at http://account-activity-review.com,1
Did you download your tax documents from our portal? They expire in 24 hours. Access at http://tax-docs-download-now.com,1
Can you verify this is your current phone number: (555) 847-2947? Update if incorrect at https://phone-number-verify-now.com,1
Are you aware your payment method expires this month? Update your card at https://payment-expiry-update.com to avoid interruption.,1
Have you reviewed the new terms of service? You must accept them by Friday. Review and accept at http://terms-acceptance-required.com,1
Did you share your password with anyone recently? Your account shows login from 5 different devices. Secure at https://password-sharing-check.com,1
"Can you confirm you filed a dispute for $1,200? This claim is processing now. Review details at https://dispute-claim-review.com",1
Are you still interested in selling your car? A buyer is ready to purchase. Complete sale at http://car-sale-completion.com,1
Have you seen your credit score dropped 50 points? Find out why and fix it at https://credit-score-fix-now.com,1
"Did you authorize adding a new payment method to your account? If not, remove it at https://payment-method-removal.com immediately.",1
Can you verify you requested a refund of $487? Processing requires confirmation. Confirm at http://refund-request-confirm.com,1
"Are you the one who changed your security questions? If not, restore original questions at https://security-questions-restore.com",1
Have you updated your emergency contact information? It's required by Friday. Update at http://emergency-contact-update.com,1
Did you know your warranty is about to expire? Extend it now at http://warranty-extension-offer.com before it's too late.,1
Can you confirm you canceled your reservation? It still shows active in our system. Verify at https://reservation-cancel-verify.com,1
Are you aware of the data breach affecting your account? Secure your information at http://data-breach-response.com immediately.,1
Have you tried logging in from a new device? We blocked the attempt for security. Approve device at http://device-approval-center.com,1
Did you receive the verification code we sent? It expires in 10 minutes. Enter it at http://verification-code-entry.com,1
"Can you verify you ordered 15 items totaling $2,847? This seems unusual for your account. Confirm at http://order-verify-unusual.com",1
Are you planning to renew your membership? It expires in 3 days. Renew at http://membership-renewal-reminder.com,1
Have you checked your mailbox? You have certified mail requiring signature. Schedule pickup at http://certified-mail-pickup.com,1
Did you authorize linking your bank account to this service? Unlink immediately at https://bank-account-unlink.com if unauthorized.,1
"Can you confirm your date of birth is January 15, 1985? Verify your identity at http://identity-verify-dob.com for security.",1
Are you expecting a package from overseas? Customs is holding it. Pay fees at https://customs-payment-required.com,1
Have you noticed charges from merchants you don't recognize? Review your statement at http://statement-review-center.com,1
Did you request a copy of your personal data? This export is ready. Download at http://data-export-ready.com within 48 hours.,1
Can you verify this email address belongs to you? Confirm ownership at http://email-ownership-verify.com to maintain access.,1
Are you aware your account is being accessed from 3 countries simultaneously? Investigate at https://multi-location-alert.com,1
"Have you enrolled in our rewards program yet? Sign up by Friday for 5,000 bonus points at http://rewards-enrollment-bonus.com",1
Did you know you have unused credits worth $250? Redeem them at https://credits-redemption-center.com before they expire.,1
Can you confirm you changed your delivery preferences? Packages may go to wrong location. Update at https://delivery-preferences-fix.com,1
Are you the person who reported your card lost? We're sending a replacement. Confirm at https://card-replacement-confirm.com,1
Have you completed your annual account review? It's mandatory by month end. Complete at https://annual-review-mandatory.com,1
Did you authorize international charges on your account? This is unusual activity. Verify at http://international-charges-verify.com,1
Your account have been temporary suspend due to activity that is suspicious. Please to verify your identity at once on http://account-verify-suspension.com for restoring access.,1
"We are detect unauthorized login to your account from location unknown. If this was not you, please securing your account immediate at https://security-alert-login.com",1
Package of yours is delay because of address incomplete. Update information of delivery at http://package-address-incomplete.com within two day or return to sender.,1
Your payment method is expired and need updating. Service will be interrupt if not update at https://payment-expired-update.com before tomorrow.,1
Account verification is require for continue using service. Complete verify at http://account-verification-require.com or lose access permanent.,1
We have notice unusual activity on account of yours. Please review transaction at https://transaction-review-unusual.com for security of account.,1
Your subscription will renew automatic for $299 unless you are canceling it. To cancel visit http://subscription-automatic-cancel.com today.,1
Security of your account may be compromise. Change password immediate at https://password-compromise-change.com for protection.,1
Package is held at facility of customs and require payment of duty fees. Pay at http://customs-duty-payment.com for release of package.,1
Your refund in amount of $847 is ready for claim. Collect at http://refund-ready-collect.com before deadline of 30 days.,1
"Account of yours show login from country multiple in last hour. If not you, secure account at http://multi-country-login.com immediate.",1
Payment has been decline due to information billing incorrect. Fix at http://billing-information-fix.com for avoid service stop.,1
We are notice your credit card will expire this month. Update card detail at http://card-expiry-update.com for continue service.,1
Your account need verification immediate because of policy new. Complete at https://account-policy-verify.com before access remove.,1
Package delivery was attempt but nobody is home. Reschedule at http://delivery-reschedule-attempt.com or return sender.,1
"Security question of your account was change from device unknown. If not you, restore at http://security-question-restore.com now.",1
"Your order total $2,847 is processing but payment not confirm. Confirm payment at http://order-payment-confirm.com for shipment.",1
Account will permanent delete in 24 hour due to verification not complete. Verify at https://account-delete-prevention.com urgent.,1
We detect that password of yours may expose in breach data. Reset immediate at https://password-breach-reset.com for security.,1
Package require signature for deliver but driver cannot wait. Authorize contactless at https://signature-contactless-authorize.com,1
Your email storage is full at 99% and will not receive new message. Upgrade at https://email-storage-full-upgrade.com now.,1
Account subscription of yours will downgrade automatic tomorrow. Maintain premium at https://subscription-downgrade-prevent.com,1
We are send verification code to phone but it bounce back. Update number at http://phone-number-bounce-update.com for security.,1
Your bank account link to service is disconnect. Reconnect at http://bank-account-reconnect-service.com for continue payment.,1
Package contain item restrict and require documentation additional. Provide at http://restricted-item-documentation.com for clearance.,1
Account of yours is flag for review due to activity unusual. Respond at http://account-review-response.com within three day.,1
We notice someone try access your account 8 time in row. Change password at http://password-access-attempts.com if not you.,1
Your payment plan is reject due to information insufficient. Resubmit at http://payment-plan-resubmit.com with detail correct.,1
Security token of yours is expire and need renew. Generate new token at http://security-token-renewal.com for system access.,1
Package delivery is exception due to address validation fail. Correct at https://address-validation-correction.com for deliver.,1
Account security setting was modify from location you not recognize. Review at http://security-setting-modification.com urgent.,1
Your subscription benefit will lose if not confirm membership. Confirm at http://membership-benefit-confirm.com before lose access.,1
We are detect payment authorization fail for automatic renewal. Reauthorize at http://payment-authorization-renewal.com immediate.,1
Account access of yours from device new require approval. Approve device at http://device-approval-new.com if this you.,1
Your credit limit will decrease automatic due to usage low. Appeal at http://credit-limit-decrease-appeal.com for maintain limit.,1
Package weight exceed limit declare and require fee additional. Pay at http://package-weight-fee.com for continue shipment.,1
Account recovery information of yours is outdated. Update at http://account-recovery-outdated.com for prevent lockout permanent.,1
We notice billing address not match with shipping address. Verify at http://address-mismatch-verify.com for fraud prevention.,1
Your tax document is ready for download but link expire in 12 hour. Download at http://tax-document-download-expire.com now.,1
Account of yours is schedule for audit routine. Prepare document at http://account-audit-preparation.com before deadline.,1
Payment method add to account from IP address foreign. Remove at http://payment-method-foreign-remove.com if not authorize.,1
Your profile information is incomplete and need update. Complete at http://profile-incomplete-update.com for full access service.,1
We detect account sharing that violate terms of service. Review at http://account-sharing-violation.com for avoid suspension.,1
Package delivery route was change due to issue carrier. New delivery date at http://delivery-route-change.com is 5 day later.,1
Your insurance claim require form additional for process. Submit at https://insurance-claim-form-additional.com before deadline.,1
Account notification setting was disable from device unknown. Re-enable at http://notification-setting-enable.com if not you.,1
We are notice direct deposit information of yours need verify. Confirm at https://direct-deposit-verify-need.com before payroll.,1
Your reward point will expire end of month if not redeem. Redeem at https://reward-point-expiry-redeem.com for not lose.,1
Account privacy setting was change to public from private. Change back at http://privacy-setting-public-change.com immediate.,1
We detect login credential of yours may steal in phishing attack. Reset at http://credential-phishing-reset.com for protection.,1
Account suspended. Verify now: https://account-verify-suspended.com Immediate action required.,1
Package undeliverable. Fix address: http://delivery-address-fix.com,1
Payment failed. Update card: http://payment-card-update.com Service ends tonight.,1
Password compromised. Reset: http://password-reset-compromised.com,1
Refund ready: $487. Claim: http://refund-claim-ready.com Expires 48 hours.,1
Unauthorized login detected. Secure account: http://security-login-alert.com,1
Subscription renews today $199. Cancel: http://subscription-cancel-today.com,1
"Your prize: $5,000. Claim: http://prize-claim-5000.com Code: WIN5000",1
Account locked. Unlock: https://account-unlock-immediate.com,1
Package held customs. Pay $18: http://customs-payment-18.com,1
Credit card expires. Update: https://card-expiry-update.com,1
Security breach. Act now: http://security-breach-action.com,1
"Tax refund: $1,247. Collect: http://tax-refund-collect.com",1
Order canceled. Review: https://order-cancel-review.com,1
Identity verify needed. Complete: http://identity-verify-needed.com,1
Delivery failed. Reschedule: http://delivery-reschedule-failed.com,1
Account closes 6 hours. Stop: http://account-closure-stop.com,1
Payment overdue $847. Pay: http://payment-overdue-pay.com,1
Password reset requested. Confirm: http://password-reset-confirm.com,1
Package damaged. Claim: http://package-damage-claim.com,1
Account hacked. Recover: http://account-hacked-recover.com,1
Service suspended. Restore: http://service-restore-suspended.com,1
Fraud alert. Check: http://fraud-alert-check.com,1
Subscription ending. Renew: http://subscription-ending-renew.com,1
Verify identity urgent: http://verify-identity-urgent.com,1
Transaction blocked. Authorize: http://transaction-blocked-authorize.com,1
Account warning. Review: https://account-warning-review.com,1
Payment rejected. Fix: http://payment-rejected-fix.com,1
Security alert. Respond: https://security-alert-respond.com,1
Package returned. Reclaim: http://package-returned-reclaim.com,1
Access denied. Restore: http://access-denied-restore.com,1
Billing error. Correct: http://billing-error-correct.com,1
Account freeze imminent. Prevent: https://account-freeze-prevent.com,1
Card declined. Update: http://card-declined-update.com,1
Order on hold. Release: http://order-hold-release.com,1
Verification expired. Renew: http://verification-expired-renew.com,1
Account disabled. Enable: http://account-disabled-enable.com,1
Payment bounced. Retry: https://payment-bounced-retry.com,1
Service interrupted. Fix: https://service-interrupted-fix.com,1
Security lockout. Override: http://security-lockout-override.com,1
Subscription lapsed. Restore: http://subscription-lapsed-restore.com,1
Account audit required. Submit: http://account-audit-submit.com,1
Transaction declined. Retry: https://transaction-declined-retry.com,1
Access revoked. Request: http://access-revoked-request.com,1
Payment hold. Release: http://payment-hold-release.com,1
Delivery exception. Resolve: https://delivery-exception-resolve.com,1
Account compromised. Secure: http://account-compromised-secure.com,1
Package lost. File claim: http://package-lost-claim.com,1
Security token expired. Renew: http://security-token-renew.com,1
Billing dispute. Resolve: http://billing-dispute-resolve.com,1
"We regret to inform you that your account has been temporarily suspended due to unusual activity detected on October 17, 2025. Our security systems flagged multiple login attempts from unfamiliar locations including Moscow and Beijing. To protect your personal information and financial data, we've restricted access until you can verify your identity. Please visit http://account-security-verification.com within the next 24 hours to complete a brief security check. You'll need to confirm your email address, phone number, and answer two security questions. Failure to complete this verification will result in permanent account closure and loss of all data associated with your profile. We take your security seriously and apologize for any inconvenience. If you have questions, our support team is available at http://support-verification-help.com",1
"Your recent order #847-2948372-8472947 totaling $1,847.99 has encountered a payment processing error. Our billing system attempted to charge your card ending in 4729 three times but each attempt was declined by your financial institution. Your order is currently on hold and will be automatically canceled in 48 hours unless payment is successfully processed. To prevent cancellation and ensure timely delivery of your items, please update your payment information at http://order-payment-update.com immediately. You can either add a new credit card or verify that your current card has sufficient funds and hasn't expired. Once payment is confirmed, your order will ship within 24 hours via expedited shipping at no additional cost as our apology for the delay.",1
"Important Notice: Your employee benefits enrollment period closes in exactly 72 hours on October 21, 2025. Our records indicate you have not yet made your selections for health insurance, dental coverage, vision plans, or retirement contributions for the 2025-2026 benefit year. If you do not complete enrollment by the deadline, you will be automatically enrolled in the basic health plan with minimum coverage and no dental or vision benefits. This could result in significantly higher out-of-pocket costs for you and your family. Please log in to the benefits portal at http://employee-benefits-deadline.com to review your options and make your elections. You'll need your employee ID and the temporary password sent to your work email last week. If you need assistance or have questions about coverage options, contact HR at http://benefits-help-urgent.com",1
"Your package with tracking number 1Z847KL2947382947 has been delayed due to severe weather conditions affecting our distribution network in the Midwest region. Originally scheduled for delivery on October 18th, your shipment is now expected to arrive on October 23rd, five days later than originally estimated. We sincerely apologize for this inconvencement and understand how frustrating delays can be. As compensation, we're offering you a $25 credit toward your next purchase and free expedited shipping on your next order. To claim your credit and track your package's updated route, please visit http://package-delay-compensation.com and enter your tracking number. If you need your items urgently, we can attempt to reroute your package to a nearby pickup location where it may arrive sooner. Visit http://delivery-reroute-options.com to explore alternative delivery options.",1
"Security Alert: We detected an unauthorized attempt to change your account password from an IP address located in Lagos, Nigeria at 3:47 AM EST on October 18, 2025. This was not a device or location we recognize as associated with your account. We successfully blocked this attempt and your account remains secure at this time. However, as a precautionary measure, we strongly recommend that you change your password immediately and enable two-factor authentication if you haven't already. Please visit https://password-security-urgent.com to update your credentials and review recent account activity. Additionally, check that your recovery email and phone number are current in case you ever need to recover your account. If you recognize this login attempt, please disregard this message. Otherwise, take immediate action to secure your account.",1
"Your credit card ending in 8472 shows unusual spending patterns that our fraud detection system has flagged for review. In the past 24 hours, there were five transactions totaling $3,847.29 from merchants in three different countries: Russia, Nigeria, and Romania. These purchases are highly atypical for your account based on your normal spending history. We've temporarily blocked your card to prevent further unauthorized charges while we investigate. Please review these transactions at http://card-fraud-review.com and indicate which purchases you recognize and which appear fraudulent. For legitimate transactions, we'll immediately unblock your card. For fraudulent charges, we'll issue a new card and credit your account within 3-5 business days. Time is critical as we can only dispute charges within 48 hours of transaction.",1
"Congratulations! You've been selected as one of 50 winners in our annual customer appreciation sweepstakes. Your prize is a $500 gift card redeemable at over 1,000 participating retailers nationwide including major department stores, restaurants, and online merchants. This is not a scam or promotional gimmick - you were randomly selected from our database of active customers. To claim your prize, you must verify your eligibility and confirm your mailing address by October 25, 2025. Visit http://sweepstakes-winner-claim.com and enter your unique claim code: SW847KL2947. You'll need to provide your full name, address, and date of birth for verification purposes. The gift card will be mailed to your address within 10 business days after verification. This offer expires if not claimed within 7 days.",1
"Your Microsoft 365 subscription is set to expire on October 20, 2025 in just 48 hours. After expiration, you'll lose access to all Office applications including Word, Excel, PowerPoint, and Outlook. Additionally, your OneDrive cloud storage containing approximately 47GB of files and documents will become read-only, meaning you won't be able to upload new files or edit existing ones. To avoid service interruption and potential data loss, please renew your subscription at http://microsoft-renewal-urgent.com before the deadline. We're currently offering a 20% discount for immediate renewals, bringing your annual cost down to $79.99 instead of the regular $99.99. Your files, emails, and settings will be preserved and immediately accessible once payment is processed. Don't risk losing access to your important work documents and personal files.",1
"Your account shows login activity from 5 different devices in the past hour, which is highly unusual for your typical usage pattern. The devices include a Windows PC in Moscow, an Android phone in Beijing, an iPad in Lagos, a Mac computer in Bucharest, and an iPhone in Manila. Unless you're traveling internationally with multiple devices or using a VPN service, this suggests your account credentials may have been compromised and shared among multiple unauthorized users. We've temporarily locked your account to prevent further access and potential data theft. Please verify which devices you actually used by visiting http://device-login-verification.com and removing any unrecognized devices. You'll then need to change your password and we strongly recommend enabling two-factor authentication for enhanced security going forward.",1
"Important Tax Notice: The IRS has processed your 2024 federal income tax return and determined that you're entitled to an additional refund of $2,847.00 due to a calculation error in your original filing. This supplemental refund was not included in your initial refund that you received earlier this year. To claim this additional amount, you must complete a verification process within 30 days or the funds will be forfeited and absorbed back into the federal treasury. Visit https://irs-supplemental-refund.com and enter your Social Security number, filing status, and adjusted gross income from your return to verify your identity. Once verified, you can choose to have the refund direct deposited to your bank account within 7-10 business days or receive a paper check by mail within 3-4 weeks. This is a time-sensitive matter as the 30-day deadline is strictly enforced.",1
"Your PayPal account has been limited due to unusual transaction activity that may violate our Acceptable Use Policy. Specifically, we noticed you received payments totaling $8,475 from 15 different sources in the past 48 hours, which is significantly higher than your normal transaction volume. This pattern sometimes indicates money laundering or other fraudulent activity, though we understand there may be legitimate explanations. To restore full access to your account and withdraw your available balance of $8,475, please provide documentation explaining the source of these funds. Visit http://paypal-account-limitation-review.com to upload supporting documents such as invoices, contracts, or correspondence with the payment senders. Accounts that remain limited for more than 10 days may have funds permanently frozen pending further investigation.",1
"Your Amazon Prime membership will automatically renew on October 22, 2025 for the annual fee of $139. However, our system shows that the credit card we have on file ending in 4729 expired last month and the charge will be declined. If payment fails, your Prime membership will be canceled and you'll immediately lose access to all Prime benefits including free two-day shipping, Prime Video streaming, Prime Music, and exclusive deals. To ensure uninterrupted service and avoid resubscription fees, please update your payment method at http://amazon-prime-payment-update.com before the renewal date. We've also noticed you haven't taken advantage of many Prime benefits lately - if you'd like to cancel instead of renew, you can do so at the same website to avoid being charged.",1
"Security Warning: Your email account may have been compromised in a recent data breach affecting approximately 500 million users across multiple platforms. Our security team detected that your email address and password appear on a list of stolen credentials being sold on the dark web. While we've found no evidence of unauthorized access to your account yet, we strongly urge you to change your password immediately as a precautionary measure. Visit http://email-breach-response.com to update your credentials and enable additional security features. If you use the same password on other websites or services, please change those as well since hackers often try stolen credentials across multiple platforms. Consider using a password manager to generate and store unique, complex passwords for each of your accounts.",1
"Your cryptocurrency wallet shows a pending withdrawal of 2.5 Bitcoin (approximately $87,500 at current exchange rates) to an external wallet address we don't recognize as belonging to you. This transaction was initiated 45 minutes ago from an IP address in St. Petersburg, Russia and is currently in the mempool awaiting confirmation. If you did not authorize this withdrawal, you have a brief window to cancel it before it's permanently recorded on the blockchain. Visit https://crypto-withdrawal-emergency.com immediately to review the transaction details and cancel if fraudulent. Once the transaction receives sufficient confirmations, it cannot be reversed and your funds will be irrecoverably lost. You'll need your wallet password and two-factor authentication code to access the cancellation portal.",1
"Your bank account ending in 8472 has been overdrawn by $347.29 and will begin accruing overdraft fees of $35 per day starting tomorrow unless you deposit sufficient funds to cover the negative balance. The overdraft was caused by three transactions that posted today: a utility bill payment of $185.50, a subscription charge of $99.99, and an ATM withdrawal of $200. While your account showed sufficient balance when these transactions were initiated, several pending deposits you were expecting apparently didn't clear in time. To avoid accumulating expensive fees that could total hundreds of dollars within a week, please make an immediate deposit at https://bank-overdraft-deposit.com via electronic transfer. Alternatively, you can link a backup account for automatic overdraft protection.",1
"LinkedIn Career Alert: Your profile was viewed 28 times this week by recruiters from Fortune 500 companies including Google, Microsoft, Amazon, and Apple. Based on your skills and experience, you're a strong match for senior engineering positions currently paying $180,000-$250,000 annually with full benefits and stock options. One hiring manager from Google has specifically expressed interest in interviewing you for a Tech Lead position on their cloud infrastructure team. However, your profile is currently set to private which limits your visibility to recruiters. Upgrade to LinkedIn Premium at http://linkedin-premium-upgrade.com to enable full recruiter access, see who viewed your profile, and send direct messages to hiring managers. This is a limited-time offer with 50% off the first three months of Premium membership.",1
"Your online purchase from http://TechStore.com for $1,299.99 has been flagged by our fraud prevention system because the shipping address you provided doesn't match the billing address associated with your credit card. This is a common indicator of credit card fraud or identity theft. For your protection, we've placed your order on hold pending verification. Please confirm that you authorize this purchase and want the items shipped to the address you specified by visiting http://order-address-verification.com within 48 hours. You'll need to provide the last 4 digits of your credit card, your full billing address, and a photo of your government-issued ID to complete verification. If we don't receive verification within the timeframe, your order will be automatically canceled and refunded.",1
"Your domain name http://BusinessName.com is set to expire on October 25, 2025 in just 5 days. If you don't renew before expiration, your website will go offline and your email addresses associated with the domain will stop working. Even worse, your domain may be purchased by someone else within days of expiration, and recovering it could cost thousands of dollars. We've attempted to process your renewal automatically using the credit card on file, but the charge was declined. Update your payment information at http://domain-renewal-urgent.com to secure your domain for another year. The renewal fee is $14.99, but if your domain expires and goes into redemption period, recovery fees start at $150. Don't risk losing your online presence.",1
"Chase Bank Security Alert: Your checking account shows a wire transfer request for $15,000 to an international bank in Nigeria that was initiated 2 hours ago. This transfer is highly unusual for your account and doesn't match your normal banking patterns. Our fraud prevention system has temporarily held the transfer pending your verification. If you did not authorize this wire transfer, it's likely that someone has gained unauthorized access to your online banking credentials. Visit http://chase-wire-verification.com immediately to cancel the transfer and secure your account. You'll need your account number, last 4 digits of Social Security number, and answers to your security questions. Time is critical as we can only hold transfers for 24 hours before they must be processed or canceled.",1
"Your iCloud storage is completely full at 5GB of 5GB, which means your iPhone photos are no longer backing up to the cloud. You've taken 847 new photos since your storage filled up that haven't been backed up and could be permanently lost if your device is damaged, lost, or stolen. Additionally, your WhatsApp messages aren't backing up and your email isn't syncing properly across your devices. Upgrade your iCloud storage to 50GB for just $0.99/month at https://icloud-storage-upgrade.com to resume automatic backups and ensure your photos, messages, and data are safely stored. Your first month is free and you can cancel anytime. Don't risk losing precious memories and important data - upgrade now before disaster strikes.",1
"Your Netflix account shows simultaneous streaming on 8 devices from 6 different countries including Brazil, India, Philippines, Russia, Mexico, and Vietnam. Our terms of service allow streaming on only 4 devices maximum, and the geographic spread suggests your account credentials have been shared or stolen. We've temporarily paused all streaming activity on your account until you can verify which devices are legitimate. Visit http://netflix-device-verification.com to review the list of active devices, remove unauthorized ones, and change your password. If you've been sharing your account with friends or family outside your household, please note this violates our terms of service. Accounts found to be sharing credentials may be permanently suspended. Take action within 72 hours to restore your streaming access and prevent account closure.",1
"Your credit score has dropped 78 points in the past 30 days according to our monitoring service, falling from 720 to 642. This significant decline appears to be caused by three factors: a new hard inquiry on your credit report, increased credit utilization above 80% of your limits, and a late payment reported by Capital One. A score in this range may result in higher interest rates on loans and credit cards or even denials for new credit applications. Visit https://credit-score-recovery.com to see your full credit report, identify all issues affecting your score, and get personalized recommendations for improving it. We can also help you dispute any incorrect information with the credit bureaus. Act quickly as negative items have less impact the older they get.",1
"Your car insurance policy #AUTO-8472947 is set to lapse on October 22, 2025 due to non-payment of your monthly premium of $187.50. Our billing system attempted to charge your credit card three times but all attempts failed. Driving without insurance is illegal in your state and could result in fines up to $5,000, license suspension, and vehicle impoundment if you're pulled over. Additionally, you'll be personally liable for any damages if you're involved in an accident. To reinstate your coverage immediately and avoid legal consequences, update your payment method at http://auto-insurance-payment.com within 48 hours. Your policy can be reinstated without interruption if payment is received before the lapse date. After that, you'll need to go through the application process again and may face higher rates.",1
"Your eBay account shows 15 items currently listed for sale that you didn't create, suggesting someone has gained unauthorized access. These listings include electronics, gift cards, and luxury goods totaling over $25,000 in asking prices. Scammers often use compromised accounts to run fraudulent auctions, collecting payments from buyers and then abandoning the account before shipping anything. You could be held liable for these fraudulent transactions if we can't verify the account was hacked. Visit http://ebay-account-security.com immediately to remove these unauthorized listings, change your password, and file a security report. Any sales that have already been completed will need to be refunded, which we'll handle once you verify the fraud. Act quickly to minimize damage to buyers and your account standing.",1
"Your student loan forgiveness application under the Public Service Loan Forgiveness program has been approved for discharge of $67,500 in federal student loan debt. This is the remaining balance on your loans after making 120 qualifying payments while working in public service. However, to finalize the forgiveness and have your loans permanently discharged, you must complete identity verification and sign the final discharge documents within 45 days. After that, the approval expires and you'll need to reapply, which could take another 6-12 months. Visit http://student-loan-forgiveness-approval.com to upload proof of identity, verify your employment history, and electronically sign the discharge paperwork. Once processed, your loan servicer will be notified and your monthly payments will permanently cease. Don't let this opportunity expire after years of qualifying payments.",1
"Your Zoom account hosted a meeting last night at 2:47 AM with 247 participants that you don't appear to have scheduled. The meeting lasted 3 hours and included screen sharing of what our security system flagged as potentially sensitive financial documents. This suggests your account may have been hijacked for unauthorized use, possibly for criminal activity or corporate espionage. We've immediately locked your account to prevent further unauthorized meetings. Visit http://zoom-security-incident.com to review the meeting details, see the list of participants, and determine if this was legitimate activity. If the meeting was unauthorized, you'll need to change your password, enable two-factor authentication, and file a security report with us. We may need to report this to law enforcement depending on the nature of the shared content.",1
"Your Facebook account was used to send 1,247 friend requests in the past 24 hours to people you have no mutual connections with, which is a clear sign your account has been compromised. Additionally, 83 posts were made to your timeline advertising pharmaceutical products and cryptocurrency schemes that you clearly didn't write. Your compromised account may also be sending malicious links via Messenger to your existing friends and family. Visit http://facebook-account-recovery.com immediately to regain control of your account before more damage is done. You'll need to verify your identity using a photo ID, change your password, and review all recent account activity to remove spam posts and revoke access to any suspicious apps. Your friends should be warned not to click any links you may have sent.",1
"Your mortgage payment of $2,475 due on October 1st still hasn't been received as of October 18th, making you 17 days late. Late mortgage payments can have serious consequences including damage to your credit score, late fees of $125, and eventually foreclosure proceedings if payments remain unpaid for 90+ days. Our records show the payment was returned by your bank twice due to insufficient funds. If you're experiencing financial hardship, we have assistance programs available including payment plans and temporary forbearance options. Visit http://mortgage-payment-assistance.com to make your overdue payment immediately or apply for hardship assistance. The sooner you address this, the more options are available. After 30 days late, we're required to report the delinquency to credit bureaus which will significantly impact your credit score.",1
"Your Instagram business account shows posts published yesterday promoting products you don't sell and linking to websites you don't own. The posts have already received over 15,000 views and 800 clicks, generating traffic and potentially sales for scammers using your compromised account. Your followers may believe you're endorsing these products, damaging your brand reputation. Instagram's algorithm may also flag your account as spam if this continues, potentially resulting in permanent suspension. Visit http://instagram-business-recovery.com to immediately delete the fraudulent posts, change your password, revoke access to any third-party apps, and notify your followers about the compromise. You should also check if any business settings were changed, such as your linked bank account for Instagram Shopping, as hackers may try to redirect your legitimate sales revenue.",1
"Your Apple Watch detected an irregular heart rhythm consistent with atrial fibrillation during your workout this morning. While this could be a false alarm caused by motion artifact or improper watch placement, AFib is a serious condition that significantly increases stroke risk if left untreated. The watch recorded 3 episodes lasting 15-45 minutes each over a 2-hour period. Your heart rate data has been saved and should be reviewed by a medical professional. Visit http://apple-health-urgent.com to download your complete heart rhythm data in PDF format suitable for sharing with your doctor. We recommend scheduling an appointment with a cardiologist within the next few days for proper evaluation. While Apple Watch is not a medical device and this is not a diagnosis, the irregular rhythm detection feature has been validated in clinical studies and FDA approved.",1
"Your Airbnb listing shows 8 bookings confirmed for next month that you didn't approve, including several for dates you've previously blocked off as unavailable. The guests have already paid, and the bookings total over $15,000 in expected payouts to your account. However, this appears to be the work of scammers who've gained access to your host account. They may be planning to collect payments from guests and then cancel at the last minute, keeping a portion of the fees. Visit http://airbnb-host-security.com immediately to review these suspicious bookings, secure your account, and contact Airbnb support about the unauthorized reservations. You may need to personally contact the affected guests to explain the situation and help them find alternative accommodations to avoid negative reviews. Change your password and enable two-factor authentication immediately.",1
"Your WordPress website appears to have been hacked and is now displaying content you didn't create, including spam links to pharmaceutical sites and gambling platforms. Search engines have already indexed this malicious content which will severely damage your SEO rankings and potentially get your site blacklisted. Additionally, your site may be flagged by browsers as containing malware, showing warning messages to visitors and destroying your credibility. The hack likely occurred through an outdated plugin or weak administrator password. Visit https://wordpress-security-emergency.com for immediate assistance removing the malicious code, identifying the security vulnerability, and restoring your legitimate content from backups. You'll also need to change all passwords, update all plugins and themes, and implement additional security measures like a Web Application Firewall to prevent future attacks. Time is critical as the longer the malicious content remains, the more damage to your reputation.",1
"Your Venmo account shows you sent $2,850 to three different users yesterday that don't appear in your previous transaction history. The payments include notations like payment for invoice and services rendered but you don't appear to have any business transactions with these users based on your account history. This suggests someone gained access to your Venmo account and your linked bank account or credit card is being drained. Visit http://venmo-fraud-alert.com immediately to freeze your account, review these suspicious transactions, and initiate chargebacks with your bank. Venmo's policy states that you're responsible for all transactions on your account unless you can prove it was hacked, so time is critical for recovering your funds. You'll need to provide evidence you didn't authorize these payments and file a police report for identity theft.",1
"Your Gmail account sent 847 emails in the past hour to addresses in your contact list and beyond, many containing links that our security system flagged as potentially malicious or phishing attempts. Your contacts are likely receiving spam or scams that appear to come from you, damaging your reputation and potentially putting them at risk. This is classic behavior of a compromised email account being used for criminal purposes. Visit https://gmail-security-emergency.com immediately to regain control, change your password, review sent messages, and notify your contacts. You should also check if any email forwarding rules were set up to send copies of your incoming messages to the hackers. Enable two-factor authentication and review all devices with access to your account, removing any you don't recognize.",1
"Your TSA PreCheck membership expires on October 28, 2025 in just 10 days. After expiration, you'll lose access to expedited security screening at airports and will be required to go through standard security lines which can take 30-60 minutes longer during peak travel times. You'll also need to remove shoes, belts, and laptops from bags, making the process significantly more inconvenient. Renewing before expiration ensures continuous coverage and costs $78 for another 5 years. If you let it expire, you'll need to pay $85 and go through the entire application process again including an in-person interview at an enrollment center, which currently have wait times of 3-4 weeks in most cities. Visit http://tsa-precheck-renewal.com to renew online in minutes and avoid interruption to your expedited screening benefits.",1
"Your health insurance claim for the emergency room visit on September 15th has been denied by your insurance company, leaving you responsible for the entire bill of $8,475. The denial reason states the visit was not medically necessary, though you went for severe chest pain. This is a common tactic by insurance companies to avoid paying legitimate claims, and most denials can be successfully appealed with proper documentation from your physician. You have 60 days from the denial date to file an appeal or you lose the right to contest it and will be personally liable for the full amount. Visit https://health-insurance-appeal.com to download appeal forms, get tips for documenting medical necessity, and learn how to escalate to external review if the internal appeal fails. Success rates for appeals are over 50% when properly documented.",1
"Your Microsoft account was used to download 247 files from your OneDrive yesterday from an IP address in Romania that you've never accessed your account from before. The downloaded files include tax returns, bank statements, and personal photos based on the filenames in our activity log. This is clear evidence your account has been compromised and your sensitive personal data has been stolen, putting you at serious risk for identity theft. Visit https://microsoft-security-breach.com immediately to change your password, revoke access from the unauthorized device, and review what was accessed. You should also consider placing a fraud alert on your credit reports and monitoring your financial accounts for suspicious activity. Additionally, check if any files were shared publicly or modified, as attackers sometimes use cloud storage accounts to host and distribute malware or illegal content under your name.",1
"Your Spotify family plan shows 9 members currently active, but your subscription only covers 6 people. The additional 3 members appear to have been added from IP addresses in different countries and don't match your household members based on our verification system. This violates Spotify's terms of service which requires all family plan members to live at the same address. We'll be removing the unauthorized members and downgrading your plan to the appropriate level within 7 days unless you can verify they're legitimate household members. This will result in a price increase to approximately $16 per month per unauthorized user if they want to maintain their own Premium subscriptions. Visit http://spotify-family-verification.com to review your plan members, remove any that shouldn't have access, and change your password to prevent future unauthorized additions. Failure to comply may result in plan suspension.",1
"Your Uber Eats account shows orders placed last night totaling $847 from 8 different restaurants for delivery to addresses you don't recognize. Your credit card was charged for these orders but you clearly didn't place them, indicating your account has been hacked. The orders have already been delivered so the food and money are gone, but you can dispute the charges with Uber and your credit card company if you act quickly. Visit https://uber-eats-fraud.com to report the fraudulent orders, lock your account, and request chargebacks for all unauthorized charges. You'll need to provide proof these weren't legitimate orders, such as showing you were in a different location at the time. Change your password immediately and check if your saved payment methods were modified or if any new payment methods were added to your account.",1
"Your Amazon seller account shows 47 new product listings created yesterday for items you're not actually selling, with inventory quantities showing as available for immediate shipment. Orders are already coming in from buyers and you're expected to fulfill them within 2 days or face account suspension and penalties. This is a sophisticated scam where hackers list fake products using your account, collect payments from buyers, and abandon the account before shipping anything. You'll be held responsible for refunds and could face legal action from buyers. Visit http://amazon-seller-security.com immediately to remove these fraudulent listings, contact Amazon about the account compromise, and file a police report for business identity theft. Any orders already placed will need to be canceled and refunded, which Amazon may initially deduct from your account balance. Act within 24 hours to minimize damage.",1
"Your Twitch account shows you streamed for 8 hours yesterday broadcasting content that appears to violate Twitch's Community Guidelines regarding hate speech and harassment. Your stream was viewed by over 15,000 people before our automated systems flagged it and took it offline. You're now facing a potential permanent ban from the platform which would terminate your partner status, end your ability to earn revenue, and delete all your followers and past content. If you didn't actually stream yesterday, your account was clearly compromised and used to broadcast objectionable content under your name. Visit http://twitch-account-recovery.com immediately to appeal the content violation, prove your account was hacked, and restore your standing. You'll need to provide evidence you weren't responsible for the stream, such as proof you were in a different location or didn't have access to streaming equipment at the time.",1
"Your Coinbase cryptocurrency account shows a pending withdrawal of $247,000 worth of Bitcoin and Ethereum to an external wallet address. The withdrawal was initiated 2 hours ago from an IP address in Moscow and is currently awaiting email confirmation, which was sent to an email address different from your registered email. This suggests hackers gained access to your account and changed your email address before initiating the large withdrawal. You have a brief window before they gain access to the confirmation email and complete the transaction. Visit https://coinbase-withdrawal-emergency.com immediately with government ID to verify your identity, cancel the withdrawal, and restore your original email address. Once the withdrawal is confirmed on the blockchain, it's irreversible and your funds will be permanently lost. Enable all available security features including two-factor authentication and address whitelisting to prevent future unauthorized withdrawals.",1
"Your Ring doorbell camera detected motion at your front door 847 times between 2 AM and 6 AM last night, which is highly unusual and suggests either a technical malfunction or suspicious activity around your home. The motion events show a person repeatedly approaching your door, trying the handle, and examining your windows. This pattern is consistent with someone casing your home for potential burglary. The recorded video has been saved to your Ring account and should be reviewed and potentially reported to local police. Visit http://ring-security-alert.com to view all motion events, download the videos for police, and adjust your motion sensitivity settings if this was a false alarm. Consider sharing the footage with neighbors through the Neighbors app to warn them of suspicious activity in your area. If you notice any forced entry attempts, file a police report immediately.",1
"Your student checking account shows 23 transactions in the past 48 hours at locations over 500 miles from your registered address, including ATM withdrawals totaling $2,400 in cities you've never visited. Your debit card was clearly stolen or the card number was compromised and cloned. We've temporarily frozen your account to prevent additional unauthorized charges, but you're currently unable to access your own funds until the issue is resolved. Visit http://bank-fraud-resolution.com to review all suspicious transactions, file fraud claims, and request a new debit card. We'll investigate each disputed transaction and typically issue provisional credit for fraudulent charges within 10 business days. You should also file a police report for the theft and monitor your credit report for any attempts to open accounts using your identity. Change your online banking password immediately in case those credentials were also compromised.",1
"Your cloud backup service shows your files were deleted yesterday including 15,472 photos, 847 documents, and all your email archives going back 10 years. This appears to be either malicious activity by someone with access to your account or ransomware that encrypted your local files and then deleted the cloud backups to prevent recovery. The good news is we maintain 30-day version history, so your files can potentially be recovered if you act quickly. Visit https://cloud-backup-recovery.com to restore your files from previous versions before they're permanently deleted. You'll need to identify when the deletion occurred and restore from the most recent backup before that time. Change all your passwords immediately and scan your devices for malware that may have caused this. If you receive a ransom demand, do not pay it and contact law enforcement immediately.",1
"Your credit card shows a pending charge of $4,997 to a jewelry store in Dubai that you clearly didn't make. The charge is currently in the authorization stage and hasn't fully posted yet, giving us a brief window to block it before the merchant captures the payment. However, this authorization will become a final charge within 24-48 hours unless you report it as fraudulent now. The card also shows several smaller test charges of $1-5 from various international merchants that were likely the scammer testing if the card was active before making the large purchase. Visit http://card-fraud-immediate.com to dispute all unauthorized charges, freeze your card, and request an emergency replacement. We'll overnight a new card to you and you won't be responsible for any fraudulent charges. File a police report and check your credit report as your card details may have been compromised in a larger data breach.",1
"Your Dropbox account shows all files in your work folder were shared publicly on October 17th, making thousands of potentially sensitive business documents accessible to anyone on the internet. The sharing settings were changed from private to public with a share link that's already been accessed 8,247 times according to our analytics. This massive data exposure could include confidential client information, financial records, trade secrets, and proprietary business strategies. You may have legal liability for this data breach depending on what was exposed. Visit http://dropbox-security-emergency.com immediately to change all sharing settings back to private, identify what was accessed, and secure your account with new password and two-factor authentication. You should notify your employer's IT security team immediately as they may need to notify affected clients or employees of the data breach. Review your account activity to determine how long the files were public and who accessed them.",1
"Your car loan payment of $547 is now 15 days overdue and our collections department has been attempting to contact you without success. If payment isn't received within 30 days of the due date, we're required to report the late payment to credit bureaus which will significantly damage your credit score and could impact your ability to get loans or even employment in the future. Additionally, if payments remain unpaid for 60+ days, we may begin repossession proceedings and your vehicle could be towed without warning. Visit http://auto-loan-payment.com to make your overdue payment immediately or contact us about payment arrangements if you're experiencing financial hardship. We have programs that can help including payment deferrals and loan modifications, but these must be arranged before your account goes into default. Don't ignore this situation - the consequences only get worse with time.",1
"Your Norton antivirus subscription expired 30 days ago leaving your computer completely unprotected from viruses, malware, ransomware, and other cyber threats. Since expiration, our system shows your computer attempted to access 15 websites flagged as malicious and downloaded 3 files identified as potential malware, but without active protection these threats weren't blocked. Your personal information including banking credentials and credit card numbers may now be at risk. Visit http://norton-renewal-emergency.com to immediately reactivate your protection and run a deep system scan to identify and remove any malware that may have infected your system during the unprotected period. The scan will take 2-3 hours but is critical for ensuring your computer is clean. Renewing now costs $89.99 for one year of protection, which is minimal compared to the potential cost of identity theft or ransomware attacks.",1
"Your Microsoft 365 mailbox is at 99.8% capacity with 49.9GB of 50GB used, which means you'll stop receiving new emails within hours when the mailbox fills completely. Important messages from clients, colleagues, and automated systems will bounce back to senders and you won't know you missed them. Your mailbox size can be temporarily increased by deleting old emails and attachments, or you can purchase additional storage. Visit http://email-storage-emergency.com to either clean up your mailbox by deleting large attachments and old emails, or upgrade to 100GB of storage for an additional $1.99 per month. The system shows you have over 15,000 emails from 2020-2022 that could likely be archived or deleted to free up space. Act immediately before your mailbox fills and you start missing critical communications.",1
"Your Google Play Store account shows 23 app purchases yesterday totaling $847 for apps and in-app purchases you don't recognize. The purchases include gaming currency, premium app subscriptions, and app upgrades that weren't made by you or your authorized family members. Your payment method was charged for all these purchases and the apps were installed on a device we don't recognize in your account history. Visit http://google-play-refund.com within 48 hours to request refunds for all unauthorized purchases and remove the unknown device from your account. Google's refund policy is strict and requests made after 48 hours are rarely approved, so time is critical. You should also check if any new payment methods were added to your account and change your Google account password immediately to prevent future unauthorized purchases.",1
"Your Tesla vehicle shows remote access from an unknown device in Shanghai, China. Someone attempted to unlock your car and disable the alarm system. Secure your Tesla account at http://tesla-vehicle-security.com immediately.",1
Walmart refund processing: Your return from August 15th for $247.89 was approved but direct deposit failed. Update banking information at http://walmart-refund-redeposit.com to receive your money.,1
Your Tinder Gold subscription will renew tomorrow for $29.99 but payment method on file is expired. Update card at http://tinder-subscription-payment.com to maintain premium features and existing matches.,1
"Best Buy Geek Squad: Your tech support plan shows suspicious remote access session yesterday lasting 4 hours. If you didn't request support, someone may have hacked your computer. Report at https://geeksquad-security-alert.com",1
Your Peloton membership payment of $44 per month has failed for the third consecutive month. Membership will be canceled and you'll lose all workout history and progress data. Update billing at http://peloton-payment-update.com,1
"Delta SkyMiles: Your 847,000 miles are set to expire on October 31st due to account inactivity. Keep your miles active by making any purchase at https://delta-miles-preservation.com",1
Your Costco membership renewal is overdue by 45 days. Your membership card has been deactivated and you cannot shop or access fuel discounts. Renew at https://costco-membership-renewal.com to restore benefits immediately.,1
"Hulu account security: Your password was changed from a device in Mumbai, India that we don't recognize. If this wasn't you, recover your account at https://hulu-account-recovery.com within 24 hours.",1
"Your FedEx package containing iPhone 15 Pro shows delivery attempted but recipient refused the shipment. If you didn't refuse delivery, this may be fraud. Verify at https://fedex-delivery-dispute.com",1
"Norton LifeLock Identity Alert: Your Social Security number was found on the dark web being sold with 500,000 other stolen identities. Protect yourself at http://lifelock-identity-protection.com immediately.",1
"Your Chase credit card rewards points totaling 124,847 points ($1,248 value) will expire December 31st. Redeem at https://chase-rewards-expiration.com before losing your accumulated points.",1
Grubhub driver safety alert: A driver reported feeling unsafe delivering to your address due to aggressive dogs. Confirm your pets are secured or deliveries will be refused. Update at http://grubhub-delivery-preferences.com,1
Your Microsoft Teams account shows you scheduled 47 meetings yesterday with external participants you've never contacted before. Your account may be compromised. Secure at https://teams-security-check.com,1
Planet Fitness membership: Your annual fee of $49 was declined and your membership is now frozen. You cannot access any gym locations. Update payment at http://planetfitness-annual-fee.com to restore access.,1
Your Etsy shop shows 23 orders placed by customers but you never received payment notifications. Check your payment settings at http://etsy-payment-settings.com to ensure proper account linking.,1
Adobe Creative Cloud: Your payment failed for the Photography plan ($9.99/month). Access to Lightroom and Photoshop will be revoked in 48 hours. Update billing at http://adobe-photography-payment.com,1
Your Verizon Fios bill of $89.99 is 30 days overdue. Internet and TV services will be disconnected on October 25th if payment isn't received. Pay at http://verizon-fios-payment.com to avoid disconnection.,1
Steam Summer Sale: Your wishlist item Cyberpunk 2077 is 80% off today only at $11.99. This deal expires in 6 hours. Purchase at https://steam-wishlist-deal.com before price returns to $59.99.,1
"Your Yahoo Mail account shows 8,472 spam emails in your inbox that our filters missed. Clean your inbox and update filters at https://yahoo-spam-cleanup.com to prevent future spam.",1
"Target RedCard: Your 5% discount card shows purchases at 15 Target stores across 8 states yesterday totaling $4,200. If you didn't make these purchases, report fraud at http://target-redcard-fraud.com",1
"Your Mint financial tracking app shows unusual spending patterns including $8,400 in cash withdrawals this week. Review your linked accounts at http://mint-financial-alert.com for unauthorized activity.",1
DoorDash driver account suspended: Multiple customers reported food never delivered but you marked orders complete. Appeal suspension at http://doordash-driver-appeal.com or lose your account permanently.,1
"Your Marriott Bonvoy points (240,000 points worth $2,400) are being transferred to another account. If you didn't authorize this, stop the transfer at http://marriott-points-protection.com immediately.",1
Spotify family plan verification failed: Members are not at the same address. Provide proof of residence at https://spotify-address-verification.com or plan will be downgraded and members removed.,1
"Your Robinhood investment account shows you sold all positions yesterday and initiated a withdrawal of $45,000. If you didn't do this, freeze your account at http://robinhood-account-freeze.com",1
CVS Pharmacy: Your prescription for blood pressure medication is ready but insurance rejected the claim. Pay $247 out of pocket or resolve insurance issue at http://cvs-prescription-insurance.com,1
Your Discord Nitro subscription ($9.99/month) shows payment failed. Your custom emojis and server boosts will be lost in 48 hours. Update payment at http://discord-nitro-payment.com to maintain benefits.,1
Expedia trip alert: Your hotel reservation in Miami for next week was canceled by the property. Rebook immediately at http://expedia-reservation-emergency.com or you'll have nowhere to stay.,1
Your Progressive auto insurance policy shows you added a 16-year-old driver to your account. This wasn't you. Your rates will increase $200/month unless you remove at http://progressive-driver-removal.com,1
LinkedIn job application: The hiring manager at Google reviewed your application and wants to schedule a video interview. Confirm availability at https://linkedin-interview-scheduling.com within 24 hours.,1
Your Audible membership has 3 unused credits worth $45 that expire October 31st. Use your credits at https://audible-credit-expiration.com or lose them permanently.,1
Xfinity Internet: Your data usage this month is 1.8TB exceeding your 1.2TB limit. Overage charges of $200 will be added to your next bill unless you upgrade at http://xfinity-data-overage.com,1
"Your Zillow rental application for 123 Main Street was approved but requires $2,400 security deposit by tomorrow. Submit payment at http://zillow-rental-deposit.com to secure the property.",1
Geico car insurance: You're eligible for a $487 refund due to low mileage during COVID. Claim your refund at https://geico-covid-refund.com before the program ends October 31st.,1
Your YouTube Premium family plan shows 8 members but only 5 are verified as living at your address. Remove unauthorized members at http://youtube-family-verification.com or face account suspension.,1
OpenTable reservation: Your reservation for 4 people at The French Laundry on Friday is confirmed but requires credit card guarantee. Provide card at http://opentable-reservation-guarantee.com or lose the table.,1
"Your AT&T wireless bill shows roaming charges of $2,847 from international usage in Mexico. If you haven't traveled, this may be fraudulent cloning. Dispute at http://att-roaming-dispute.com",1
Mint Mobile: Your 3-month prepaid plan expires in 5 days. Renew at http://mint-mobile-renewal.com for $45 or service will be disconnected and you'll lose your phone number.,1
Your Instacart+ membership ($99/year) expired and your free delivery benefits ended. Orders now have $7.99 delivery fees. Renew at http://instacart-membership-renewal.com to restore free delivery.,1
"AAA Roadside Assistance: Your membership lapsed and you're no longer covered for towing, lockouts, or battery jumps. Renew at https://aaa-membership-renewal.com before you need emergency service.",1
"Your Southwest Rapid Rewards shows suspicious activity with 84,000 points redeemed for flights you didn't book to Las Vegas. Report at http://southwest-points-fraud.com to recover points.",1
Chewy Auto Ship: Your dog's prescription food ships tomorrow but your payment method was declined. Update at http://chewy-autoship-payment.com or your pet will run out of medication.,1
"Your credit monitoring service detected a new mortgage inquiry on your credit report for $450,000. If you haven't applied for a mortgage, this is identity theft. Act at http://credit-inquiry-fraud.com",1
Uber driver account deactivated: Your rating dropped below 4.6 after receiving multiple 1-star reviews. Appeal deactivation at http://uber-driver-reactivation.com with evidence of good service.,1
Your Ancestry DNA results are ready after 8 weeks of processing. View your ethnic breakdown and DNA matches at http://ancestry-results-ready.com before results expire in 30 days.,1
Sephora Beauty Insider: You have $124 in points ready to redeem but they expire October 31st. Use points at http://sephora-points-redemption.com for free products before expiration.,1
"Your Upwork freelancer account shows $4,200 in completed work but client disputes the deliverables. Respond at http://upwork-dispute-resolution.com within 48 hours or forfeit payment.",1
"Celsius Network: Your cryptocurrency holdings were affected by the company bankruptcy. File a claim for your $28,000 at http://celsius-bankruptcy-claim.com before the claims deadline.",1
"Your T-Mobile account shows an order for 3 iPhone 15 Pro Max devices totaling $3,600 shipping to an address in Florida. Cancel this fraudulent order at http://tmobile-fraud-cancellation.com immediately.",1
HelloFresh meal kit: Your upcoming delivery contains recalled ground beef due to E. coli contamination. Cancel affected meals at http://hellofresh-recall-response.com and get full refund.,1
"Your Affirm payment plan for $1,200 purchase is past due. Missed payment reported to credit bureaus will damage your score by 50-100 points. Make payment at http://affirm-payment-overdue.com immediately.",1
Zoom webinar registration: 847 people registered for your webinar tomorrow but you never scheduled one. Your account is being used for spam. Secure at http://zoom-webinar-hijack.com,1
Your Shipt shopper membership ($99/year) expired and you lost access to same-day delivery from Target and other stores. Renew at http://shipt-membership-expired.com to restore shopping privileges.,1
"Venmo tax reporting: Your account received $28,000 in payments this year requiring IRS Form 1099-K. Download tax documents at https://venmo-tax-documents.com before filing deadline.",1
"Your AOL email account (yes, people still use AOL) shows login from Windows 95 computer in Russia. This is clearly suspicious. Change password at https://aol-security-alert.com",1
Paramount+ subscription: Your payment of $11.99 failed and you'll lose access to streaming including Champions League soccer. Update billing at http://paramount-payment-update.com before match day.,1
Your SiriusXM radio subscription ended and your car radio only plays commercials now. Renew at http://siriusxm-radio-renewal.com for $9.99/month special rate or continue suffering through ads.,1
Nextdoor neighborhood alert: Someone posted a photo of a person on your property at 2 AM last night. Review the post and comment at http://nextdoor-security-alert.com,1
Your Rakuten cashback account has $284 ready for payout but needs updated PayPal information. Update at http://rakuten-cashback-payout.com to receive your accumulated shopping rewards.,1
"State Farm insurance: Your home insurance claim for roof damage was approved for $18,500. Sign settlement documents at http://statefarm-claim-settlement.com to receive payment within 7 days.",1
Your WeWork membership shows you haven't used your desk space in 60 days. Unused memberships will be canceled with no refund. Confirm continued membership at http://wework-space-confirmation.com,1
Blue Apron meal delivery: Your upcoming box contains shellfish but your allergy profile shows shellfish allergy. Update preferences at http://blueapron-allergy-update.com to prevent dangerous delivery.,1
Your Credit Karma account shows your credit score dropped 127 points to 581 this month. Multiple new accounts were opened in your name. Investigate identity theft at http://creditkarma-fraud-check.com,1
Postmates delivery: Your order from McDonald's has been waiting 45 minutes because driver can't find your address. Update delivery instructions at https://postmates-delivery-help.com or food will be canceled.,1
Your Duolingo streak of 847 days is about to be lost at midnight. Complete today's lesson at http://duolingo-streak-save.com to maintain your impressive learning record.,1
Klarna payment: Your Buy Now Pay Later purchase requires payment today or account goes to collections. Late fees of $25 added daily. Pay at http://klarna-payment-due.com,1
Your ClassPass membership shows you booked 15 fitness classes for tomorrow at different studios. You can't attend all of them. Cancel extras at http://classpass-booking-error.com to avoid fees.,1
Stitch Fix styling: Your personal stylist shipped your box but payment method declined. Box will be returned and you'll lose your styling appointment. Update at http://stitchfix-payment-fix.com,1
Your Webex meeting account shows 200+ participants joined your personal meeting room uninvited. Someone shared your meeting link publicly. Reset link at http://webex-meeting-security.com,1
"Grammarly Premium: Your writing analysis shows you made 2,847 errors this month. Upgrade to Premium at http://grammarly-premium-upgrade.com to fix advanced grammar mistakes.",1
Your Seamless order from last night was never delivered but your card was charged $87. Driver marked it delivered. File dispute at http://seamless-delivery-dispute.com for refund.,1
http://Match.com subscription: Your profile was viewed by 47 people this week but you can't see who without Premium. Upgrade at https://match-premium-upgrade.com to see your matches.,1
"Your Schwab brokerage account shows margin call requiring $15,000 deposit by tomorrow to avoid forced liquidation of positions. Deposit at https://schwab-margin-call.com immediately.",1
ADT home security: Your alarm system shows offline for 3 days leaving your home unprotected. Troubleshoot connection at http://adt-system-offline.com or schedule technician visit.,1
Your Lyft driver rating dropped to 4.3 after passenger complaints. Ratings below 4.6 result in account deactivation. Improve service or appeal at http://lyft-rating-appeal.com,1
Crunchyroll anime streaming: Your premium membership expired and ads are back. Binge-watching your favorite shows will now include 8 commercial breaks. Renew at http://crunchyroll-ad-free.com,1
Your Thumbtack pro account shows you declined 15 customer requests this week. Declining too many leads results in lower visibility. Accept more at http://thumbtack-lead-acceptance.com,1
Priceline hotel booking: The hotel overbooked and your reservation was canceled. They're offering $200 compensation. Accept at http://priceline-overbook-compensation.com or dispute for more.,1
"Your Twilio SMS service exceeded usage limits sending 8,472 messages yesterday. Your account is suspended for potential spam. Appeal at https://twilio-account-suspension.com with explanation.",1
Zappos shoe return: Your return window closes tomorrow for $240 purchase. Free return label expires at midnight. Print label at https://zappos-return-deadline.com or pay $8 return shipping.,1
Your http://Care.com background check expired and your caregiver profile is hidden from parents. Renew check at https://care-background-renewal.com for $50 to restore profile visibility.,1
Slack workspace admin: Your team workspace shows 847 messages sent by bots you didn't install. Remove malicious integrations at https://slack-workspace-security.com before data is stolen.,1
Your Wayfair furniture order ships tomorrow but delivery address shows an apartment you moved out of 6 months ago. Update address at http://wayfair-shipping-address.com or lose your purchase.,1
Houzz contractor profile: Multiple homeowners reported you started projects but never finished. Your profile will be deactivated unless you respond at https://houzz-contractor-response.com,1
"Your Questrade trading account shows unauthorized options trades with significant losses totaling $28,000. Freeze account and dispute at http://questrade-unauthorized-trades.com immediately.",1
Medium membership: Your $5/month subscription failed and you'll lose access to member-only articles and your reading history. Update payment at https://medium-membership-payment.com,1
Your Indeed resume was downloaded 23 times this week by recruiters from tech companies. Boost visibility to more employers at http://indeed-resume-boost.com for better job opportunities.,1
Trello workspace: Your company board was made public and contains confidential product roadmaps. Change back to private at http://trello-privacy-emergency.com before competitors access it.,1
Your Viator tour reservation in Paris was canceled by the tour operator. Your $847 is held for 30 days unless you rebook. Find alternative tours at https://viator-rebooking.com,1
Mailchimp account suspended: Your email campaign was flagged as spam by 847 recipients. Your account is under review. Appeal at http://mailchimp-spam-appeal.com with explanation.,1
Your Ibotta grocery cashback app has $127 ready for withdrawal but PayPal link is broken. Reconnect at http://ibotta-cashback-withdrawal.com to transfer your earned rewards.,1
Canva Pro team: Someone added 15 people to your team without authorization. Each person costs $13/month. Remove unauthorized users at https://canva-team-management.com immediately.,1
Your GoodRx prescription savings card shows suspicious usage at 8 pharmacies in different states yesterday. Someone may have stolen your card number. Report at http://goodrx-card-fraud.com,1
SurveyMonkey account: Your survey responses were exported by unknown user from IP in China. Your survey data may be compromised. Secure account at http://surveymonkey-data-breach.com,1
Your http://Booking.com hotel reservation shows you booked 5 different hotels for the same dates in the same city. Cancel duplicates at https://booking-reservation-error.com to avoid charges.,1
Dave banking app: Your $75 advance is overdue and additional $15 late fee was charged. Repay advance at https://dave-advance-repayment.com before account suspension and credit impact.,1
Your Patreon creator account shows chargebacks from 15 patrons totaling $847. Excessive chargebacks result in payment processor fees. Contest at http://patreon-chargeback-dispute.com,1
Skillshare Premium: Your free trial ends tomorrow and card will be charged $168 for annual membership. Cancel at http://skillshare-cancel-trial.com to avoid charge.,1
Your Rover pet sitting account shows booking for 3 dogs this weekend but dogs have aggression warnings. Cancel unsafe booking at http://rover-booking-safety.com to avoid liability.,1
Wix website: Your domain name expires in 5 days and website will go offline. Auto-renewal failed. Renew at https://wix-domain-renewal.com for $14.99 or lose your domain permanently.,1
"Your Experian credit monitoring detected 3 new credit cards opened in your name totaling $45,000 in available credit. If you didn't apply, freeze your credit at https://experian-freeze-credit.com immediately.",1
Squarespace website builder: Your website traffic increased 500% overnight but it's all bot traffic trying to hack your admin panel. Increase security at https://squarespace-security-upgrade.com,1
Your LegalZoom LLC formation documents were rejected by the state due to name conflict with existing business. Rename your company at http://legalzoom-name-change.com or lose your $500 filing fee.,1
Coursera certificate: You completed 95% of your Data Science course but need to finish final exam by October 25th or lose access. Complete at http://coursera-exam-deadline.com,1
"Your E*TRADE account shows withdrawal of $67,000 to external bank account you never linked. This is fraud. Stop transfer at https://etrade-fraud-alert.com before funds leave.",1
HBO Max: Your account is streaming on 8 devices simultaneously from different countries. Someone is sharing your login. Change password at http://hbomax-account-sharing.com,1
"Your Freshbooks invoice #8472 to client for $4,200 is 60 days overdue. Client claims they never received invoice. Resend at http://freshbooks-invoice-overdue.com",1
Lyft Pink membership: Your $9.99/month priority pickup subscription failed payment. You'll lose priority access and pay surge pricing. Update at https://lyft-pink-payment.com,1
Your Chegg study account was flagged for sharing homework answers violating academic integrity policy. Your university was notified. Appeal at http://chegg-academic-violation.com,1
"Equifax credit report shows new mortgage for $650,000 that you never applied for. Someone used your identity to buy a house. File fraud report at https://equifax-mortgage-fraud.com",1
Your Disney+ account shows 15 downloads yesterday of kids movies but you don't have children. Check which devices have access at https://disneyplus-device-check.com,1
HelloSign document: Your client waiting for signed contract but HelloSign shows you haven't opened the document in 15 days. Sign at http://hellosign-pending-signature.com or lose deal.,1
Your NordVPN subscription expired and you're browsing without encryption. Your ISP can see all websites you visit. Renew at https://nordvpn-renewal-urgent.com for privacy protection.,1
"SeatGeek concert tickets: Taylor Swift tickets you purchased for $2,400 were fraudulent. Seller's account suspended. Get refund at http://seatgeek-fraud-refund.com before concert date.",1
Your QuickBooks payroll processed but 3 employees' direct deposits bounced due to incorrect bank routing numbers. Fix at http://quickbooks-payroll-error.com before employees complain.,1
"Turo car rental: Your Tesla was returned with $4,800 damage that renter won't pay for. File insurance claim at http://turo-damage-claim.com to recover repair costs.",1
Your Credit Sesame account detected inquiry from payday loan company you never contacted. This is sign of identity theft. Investigate at http://creditsesame-fraud-alert.com,1
Khan Academy: Your donated $100 but payment processor flagged it as potential fraud and reversed it. Verify donation at http://khanacademy-donation-verify.com to support education.,1
"Your Constant Contact email campaign sent to 8,472 people but 23% bounced due to invalid addresses. Clean your list at http://constantcontact-list-cleanup.com to maintain sender reputation.",1
Vrbo rental property: Guest reported bed bugs in your vacation rental. Your listing is suspended pending inspection. Prove treatment at https://vrbo-bedbug-response.com to restore listing.,1
Your TurboTax return was rejected by IRS because someone already filed using your Social Security number. Report identity theft at http://turbotax-identity-theft.com immediately.,1
Codecademy Pro: You're 80% through Python course but subscription expires tomorrow. Finish course at http://codecademy-complete-course.com or lose progress and certificate eligibility.,1
"Your Stripe merchant account placed on hold with $28,000 in pending payouts due to excessive chargebacks. Resolve disputes at https://stripe-chargeback-resolution.com to release funds.",1
Rover dog walking: Owner reported you returned their dog with injury. Your account suspended pending investigation. Provide vet records at http://rover-injury-dispute.com,1
"Your Norton 360 detected ransomware encrypted 8,472 files on your computer yesterday. Restore from backup at https://norton-ransomware-recovery.com before attackers demand payment.",1
Pandora Premium: Your payment failed and you're back to ad-supported radio with limited skips. Ads playing every 15 minutes now. Upgrade at http://pandora-premium-restore.com,1
Your Asana project management workspace shows someone deleted 847 tasks yesterday including all project history. Restore from backup at http://asana-restore-deleted.com immediately.,1
"Upwork escrow: Client funded $4,200 milestone but claims deliverables incomplete. Submit final work at https://upwork-milestone-dispute.com before client requests refund.",1
Your Mint Mobile SIM card was activated on different phone yesterday in Florida. Someone cloned your SIM. Report at http://mint-sim-swap-fraud.com before they access your accounts.,1
Bumble dating: Your profile was reported by 8 users for fake photos. Account under review for permanent ban. Verify photos at http://bumble-photo-verification.com,1
Your FreshDirect grocery delivery arriving in 2 hours but half the items are out of stock. Approve substitutions at http://freshdirect-substitution-approval.com or get partial order.,1
GitHub repository: Your private code repo was made public exposing proprietary algorithms. Change back to private at https://github-privacy-breach.com before competitors copy your code.,1
Your Instacart shopper account deactivated after customer reported missing items from 5 orders. Your accuracy rating fell below 95%. Appeal at http://instacart-shopper-appeal.com,1
Honey browser extension: Your account shows $247 in cashback rewards but PayPal connection failed. Reconnect at http://honey-rewards-claim.com before rewards expire October 31st.,1
"Your TransUnion credit report shows collection account for $2,847 medical bill you never received. Dispute at http://transunion-collections-dispute.com to remove from report.",1
Figma design: Your team design file was shared publicly and downloaded 847 times. Your unreleased product designs are leaked. Make private at http://figma-leak-emergency.com,1
Your Shipt shopper delivered alcohol to minor at your address. Your account suspended and police notified. Prove you're over 21 at http://shipt-age-verification.com,1
Peacock streaming: Your NBC Sports access expires before playoff games this weekend. Renew at https://peacock-sports-renewal.com for $7.99 to watch your team.,1
"Your PayPal working capital loan of $15,000 payment is overdue. Your PayPal account limited until loan paid. Make payment at https://paypal-loan-payment.com to restore access.",1
Calendly scheduling: Your booking link was shared on Reddit and you have 247 spam appointment requests. Reset link at http://calendly-spam-prevention.com,1
Your Blink home security cameras show offline since power outage 3 days ago. Your home is unmonitored. Restore connection at http://blink-camera-reconnect.com,1
BarkBox subscription: Your dog's October box shipped to old address from 2 years ago. Redirect to current address at http://barkbox-shipping-redirect.com before treats expire.,1
"Your Brex corporate card shows $8,400 in Uber rides yesterday by employee who no longer works for your company. Freeze card at http://brex-card-freeze.com",1
ThredUp clothing resale: Your consignment items sold for $847 but payout failed due to closed bank account. Update banking at https://thredup-payout-update.com,1
Your SoFi personal loan payment of $547 is 15 days late. Late payment reporting to credit bureaus in 15 days will damage score. Pay at http://sofi-late-payment.com,1
Headspace meditation: Your Premium subscription expired and you lost access to sleep sounds that help you sleep. Renew at https://headspace-premium-renew.com for $12.99/month.,1
Your Fiverr seller account shows buyer requested refund claiming work plagiarized. Prove originality at https://fiverr-plagiarism-dispute.com or receive negative review.,1
Groupon: You purchased spa package for $199 but business closed permanently last week. Request refund at http://groupon-business-closed.com before credit expires.,1
Your Betterment investment account shows suspicious trades including day trading that doesn't match your risk profile. Verify at https://betterment-account-review.com,1
Notion workspace: Your company wiki was exported by former employee who still had access. Revoke their access at http://notion-revoke-access.com and change sensitive content.,1
"Your Costco prescription glasses order ready for pickup but expires in 5 days. After that, glasses returned to inventory and you forfeit $347 payment. Pick up at https://costco-glasses-pickup.com",1
"Calm meditation app: Your lifetime membership transferred to different email address yesterday. If you didn't authorize, recover account at https://calm-account-transfer.com immediately.",1
"Your Mailchimp email list imported 8,472 contacts but 2,847 flagged as invalid reducing your sender score. Clean list at http://mailchimp-list-validation.com before campaign.",1
Strava fitness: Your KOM segment record was flagged for GPS manipulation. Provide proof of legitimate ride at http://strava-segment-dispute.com or lose all segment rankings.,1
"Your Lending Club investment account shows early withdrawal penalty of $2,400 for accessing funds before term end. Confirm withdrawal at http://lendingclub-penalty-confirm.com",1
Wag dog walking: Owner claims you lost their dog during walk yesterday. Your account suspended pending investigation. Provide GPS tracking proof at http://wag-lost-dog.com,1
Your MyFitnessPal account shows someone logged 847 workouts from your account in locations across 5 countries. Secure account at https://myfitnesspal-account-security.com,1
"Fundrise real estate investment: Your quarterly distribution of $1,247 ready but W-9 tax form missing. Submit at http://fundrise-tax-documents.com to receive payout.",1
Your Webflow website shows 99% of traffic from Russian bots trying to exploit vulnerabilities. Enable security features at http://webflow-security-enable.com,1
ClassDojo teacher account: Parent reported inappropriate messages sent from your account to their child. School district notified. Prove account hacked at https://classdojo-investigation.com,1
"Your Cash App Bitcoin investment of $4,200 shows suspicious transfer to external wallet. If you didn't authorize, freeze at https://cashapp-crypto-freeze.com within 1 hour.",1
Roblox parental controls: Your child's account made $847 in Robux purchases yesterday using your saved payment method. Refund at http://roblox-unauthorized-purchase.com,1
Your Hootsuite social media account shows 247 posts scheduled that you didn't create promoting crypto scams. Delete at http://hootsuite-scheduled-spam.com before posting.,1
"TaskRabbit: Client claims you damaged $2,400 furniture during assembly job. TaskRabbit holding your $4,200 earnings. Dispute at https://taskrabbit-damage-claim.com",1
Your Personal Capital investment tracker shows account linked to bank you've never used. Someone may have accessed your financial data. Verify at http://personalcapital-linked-accounts.com,1
"Udemy course: Your instructor account shows copyrighted content in your course. Course removed and $8,400 earnings frozen. Appeal at https://udemy-copyright-dispute.com",1
Your Acorns investment account shows daily deposit increased from $5 to $500 without your approval. Revert changes at http://acorns-deposit-change.com before account drains.,1
Nextdoor lead generation: Your business page has 47 negative reviews posted yesterday all from accounts created same day. Report fake reviews at http://nextdoor-fake-reviews.com,1
Your Fetch Rewards shopping app has $127 in gift card balance but account flagged for receipt fraud. Prove legitimate receipts at http://fetch-fraud-investigation.com,1
Minted wedding invitations: Your order of 200 invitations ships tomorrow to address you lived at 3 years ago. Update address at https://minted-shipping-address.com urgently.,1
"Your Credit Karma Tax return shows amendment needed or you owe IRS additional $2,847. File correction at http://creditkarma-tax-amendment.com before penalties accrue.",1
"Poshmark seller account: Your designer handbag sold for $1,200 but buyer claims counterfeit. Prove authenticity at http://poshmark-authenticity-dispute.com or face account ban.",1
Your Glassdoor employer account shows 23 fake negative reviews from people who never worked at your company. Contest at http://glassdoor-fake-review-removal.com,1
Eventbrite ticket sales: Your event tomorrow has 247 tickets sold but payment processor flagged for fraud review. Prove legitimate event at https://eventbrite-fraud-review.com,1
Your Bluehost web hosting suspended due to exceeded bandwidth from DDoS attack. Your website is offline. Restore at https://bluehost-ddos-mitigation.com,1
Credit Saint debt repair: Your credit repair service found errors on all 3 credit bureaus that lowered score by 127 points. Dispute at https://creditsaint-dispute-letters.com,1
"Your DraftKings fantasy sports account shows $2,400 winnings but identity verification required before withdrawal. Verify at http://draftkings-withdrawal-verification.com",1
Mercari selling: Buyer opened return claim saying item damaged in shipping but tracking shows delivered safely. Defend at https://mercari-return-dispute.com,1
"Your Acorns Later retirement account shows rollover from 401k you never authorized for $67,000. Stop rollover at https://acorns-unauthorized-rollover.com",1
http://Otter.ai transcription: Your meeting transcriptions were shared with external email addresses. Revoke sharing at https://otter-sharing-revoke.com before confidential info leaks.,1
Your Rakuten account shows $284 cashback forfeited because PayPal info outdated. You have 48 hours to update at http://rakuten-payout-deadline.com or lose rewards.,1
Winc wine club: Your monthly wine shipment of $89 charged but delivery failed 3 times. Update delivery preferences at https://winc-delivery-failed.com or forfeit wine.,1
Your ZipRecruiter job post attracted 847 applicants but 90% are spam bots. Filter real candidates at https://ziprecruiter-spam-filter.com to find qualified applicants.,1
Afterpay payment: Your 4th installment of $224 due today or account goes to collections and credit damaged. Make payment at http://afterpay-installment-due.com,1
"Your Zillow Zestimate dropped $87,000 in one month lowering your home equity. Investigate errors at http://zillow-zestimate-correction.com and dispute valuation.",1
"StockX sneaker authentication: Your sold shoes failed authentication as counterfeit. Your $1,200 payment frozen and account under review. Appeal at http://stockx-authentication-appeal.com",1
Your Scribd unlimited audiobook subscription shows 247 books downloaded yesterday from IP in China. Secure account at http://scribd-account-hijack.com immediately.,1
"Angi home services: Contractor you hired through Angi ghosted after receiving 50% deposit of $4,200. File complaint at http://angi-contractor-complaint.com",1
Your SurveyJunkie account flagged for suspicious activity completing 84 surveys in one day. Account under review. Prove legitimate at http://surveyjunkie-activity-review.com,1
Hopper flight price freeze: Your frozen price of $347 expires in 6 hours. Book now at https://hopper-price-freeze-expiring.com or pay $892 current price.,1
"Your GitHub Copilot subscription shows AI wrote 8,472 lines of code in your repositories that may contain security vulnerabilities. Review at http://github-copilot-security.com",1
"Splitwise expense app: Your roommate claims you owe $2,847 for shared expenses you don't recognize. Dispute at http://splitwise-expense-dispute.com before payment demanded.",1
"Your Fidelity 401k shows beneficiary changed to person you don't know. If you didn't update, restore original beneficiary at https://fidelity-beneficiary-fraud.com",1
Reddit Premium: Your account shows gilding of 247 posts spending $847 in Reddit coins you never authorized. Review at http://reddit-unauthorized-gilding.com,1
Your Curology skincare subscription shipped wrong formula that could cause allergic reaction. Stop delivery at http://curology-formula-error.com before it arrives.,1
LinkedIn Recruiter: Your corporate account shows 847 InMails sent to candidates you never contacted. Someone using your account for spam. Secure at http://linkedin-recruiter-hijack.com,1
"Your Ally Bank high-yield savings shows suspicious ACH transfer of $28,000 to external account initiated yesterday. Stop transfer at http://ally-suspicious-transfer.com",1
"Turo car rental: Your vehicle was in accident with $8,400 damage but renter claims pre-existing. Submit photos at http://turo-accident-evidence.com to prove damage.",1
Your Chewy pet prescription autoship charged $187 for medication but vet prescription expired. Renew prescription at http://chewy-prescription-renewal.com or shipment canceled.,1
"Yotta savings account: Your lottery ticket savings account shows withdrawal of all $12,400 to bank account you never linked. Freeze at http://yotta-unauthorized-withdrawal.com",1
Your Ring Neighbors app shows you posted video of minor without parental consent. Post removed and account under review. Respond at http://ring-privacy-violation.com within 48 hours.,1
Codecov code coverage: Your GitHub repository shows security vulnerability in uploaded code exposing API keys. Rotate credentials at http://codecov-security-alert.com before exploit.,1
Your M1 Finance investment pie shows rebalancing error that sold all tech stocks at loss. This wasn't scheduled rebalancing. Investigate at https://m1finance-rebalance-error.com,1
Meundies subscription: Your monthly underwear shipment charged $87 but warehouse fire destroyed inventory. Get refund at http://meundies-warehouse-fire.com or wait 6 weeks.,1
"Your Binance.US crypto account shows API trading bot made 847 trades yesterday with $28,000 in losses. You never set up trading bot. Disable at http://binance-bot-unauthorized.com",1
Thumbtack lead credits: You were charged $247 for leads but all 15 customers were fake with disconnected numbers. Request refund at http://thumbtack-fake-leads.com,1
Your Betterment for Business 401k shows employee contributions not deposited for 3 months violating DOL rules. Deposit at http://betterment-401k-deposit.com or face penalties.,1
Slice pizza app: Your payment method charged for 8 pizzas delivered to addresses across the city you never ordered from. Dispute at https://slice-fraudulent-orders.com,1
Your Credit Karma tax filing shows state return rejected because someone already filed using your info. Report identity theft at http://creditkarma-state-theft.com,1
Cameo celebrity video: You paid $500 for personalized video from celebrity but received generic message for someone else. Request proper video at http://cameo-wrong-video.com,1
"Your Webull trading account shows margin call requiring $8,400 by market close or forced liquidation. Deposit at https://webull-margin-call.com to protect positions.",1
"Coinbase Pro: Your trading account shows wash sale violations that disallow $12,400 in tax loss deductions. Review trades at http://coinbase-wash-sales.com before filing taxes.",1
"Your Medium Partner Program earnings of $2,847 this month can't be paid because Stripe account disconnected. Reconnect at http://medium-stripe-reconnect.com before month end.",1
SimpliSafe security: Your alarm system disarmed 15 times yesterday from mobile app you didn't use. Someone has your login. Change password at http://simplisafe-security-breach.com,1
"Your Fundrise eREIT investment shows early redemption fee of $1,200 if you withdraw before 5-year term. Confirm withdrawal at https://fundrise-early-redemption.com",1
http://Care.com background check: Your childcare application shows misdemeanor from 2015 you never disclosed. Explain or application rejected at http://care-background-explanation.com,1
Your Noom weight loss subscription charged annual fee of $199 but you thought you canceled. Request refund at https://noom-unwanted-renewal.com within 30 days.,1
"https://Public.com investing: Your account shows transfer of $15,000 to external brokerage you never initiated. Stop transfer at https://public-account-transfer.com within 24 hours.",1
"Your SoFi credit card shows balance transfer of $8,400 from card you never owned. Someone fraudulently used your identity. Dispute at http://sofi-balance-transfer-fraud.com",1
Talkspace therapy: Your therapist reported you missed 5 appointments without notice. Your account billed $525 in no-show fees. Dispute at https://talkspace-missed-sessions.com,1
"Your Coinbase Card debit shows $2,847 in ATM withdrawals across 8 different states yesterday. You didn't travel anywhere. Report at http://coinbase-card-fraud.com",1
SpotHero parking: You reserved parking spot for tomorrow's flight but airport garage flooded and closed. Find alternative at https://spothero-garage-closed.com urgently.,1
Your QuickBooks Self-Employed shows 1099-NEC income reported to IRS that you never received. Contractor never paid you. Correct at http://quickbooks-1099-correction.com,1
Depop selling: Buyer received item but claims it's fake designer and wants refund. You sold authentic item. Prove authenticity at http://depop-authenticity-proof.com,1
Your Credit Sesame shows auto loan inquiry from dealership you never visited. Someone tried buying car using your identity. Freeze credit at https://creditsesame-freeze-credit.com,1
"Redfin home search: Your saved home at 123 Oak Street received offer $50,000 over asking. Submit competitive offer at http://redfin-bidding-war.com before deadline tonight.",1
"Your Acorns account shows recurring investment increased from $50 to $5,000 per week without authorization. Stop before account drains at http://acorns-investment-change.com",1
Bark dog app: Your dog's wellness plan charged $89 but vet network doesn't include your local vet. Get refund at https://bark-wellness-refund.com or find new vet.,1
"Your TaxAct return shows you owe $8,472 to IRS due to cryptocurrency gains you forgot to report. Amend return at https://taxact-crypto-amendment.com before penalties.",1
Gabi insurance: Your auto insurance quote expired but they found policy $847 cheaper than current provider. Accept new policy at https://gabi-insurance-switch.com before quote expires.,1
Your Seeking Alpha stock alerts shows your portfolio down 23% but you never connected brokerage account. Someone accessed your investment data. Secure at http://seekingalpha-security.com,1
Handy home cleaning: Cleaner reported your home has hoarding situation requiring hazmat team. Your booking canceled and $187 cleaning fee charged. Dispute at http://handy-hoarding-dispute.com,1
"Your eToro copy trading account shows you're copying trader who lost 47% this month. Your $12,400 investment now worth $6,588. Stop copying at http://etoro-stop-copying.com",1
Ibotta app: Your account shows receipt fraud with same receipt uploaded 8 times for multiple rebates. Account banned and $284 in earnings forfeited. Appeal at http://ibotta-fraud-appeal.com,1
"Your Personal Capital retirement planner shows you're $847,000 short of retirement goals at current savings rate. Increase contributions at http://personalcapital-retirement-gap.com",1
"Faire wholesale: Your boutique's order of $4,200 in inventory shows vendor went bankrupt before shipping. Your payment not refunded yet. File claim at http://faire-vendor-bankruptcy.com",1
"Your Credit Karma shows new student loan for $67,000 that you never took out. Someone used your identity for education fraud. Report at http://creditkarma-student-loan-fraud.com",1
FabFitFun subscription: Your seasonal box shipped but tracking shows delivered to different state. Your $249 box is lost. File claim at http://fabfitfun-lost-box.com,1
"Your Wealthfront investment account shows tax-loss harvesting sold positions creating wash sales. This negates $8,400 in tax benefits. Review at http://wealthfront-wash-sales.com",1
Shipt membership: Your account charged for delivery pass but you're not in service area anymore after moving. Cancel and refund at https://shipt-location-refund.com,1
Your LendingTree loan marketplace shows your info shared with 15 lenders without consent. Your credit pulled 15 times damaging score. Dispute at http://lendingtree-credit-damage.com,1
OfferUp selling: Buyer claims item not as described and filed PayPal dispute. Your $847 payment frozen for 30 days. Defend at http://offerup-paypal-dispute.com,1
Your Affirm loan shows you paid off balance but credit bureaus still show active loan damaging your credit utilization. Correct at https://affirm-credit-reporting-error.com,1
Daily Harvest food delivery: Your smoothie ingredients recalled due to Listeria contamination. Your last order affected. Check symptoms at https://dailyharvest-recall-alert.com,1
"Your Prosper peer lending account shows borrower defaulted on $4,200 loan you funded. Minimal recovery expected. Review at http://prosper-loan-default.com",1
"Tonal home gym: Your smart home gym shows firmware update bricked the system. Your $4,000 equipment is unusable. Get replacement at http://tonal-bricked-system.com",1
Your MoneyLion instacash advance of $250 overdue by 15 days. Account suspended and unable to access checking account. Repay at https://moneylion-overdue-advance.com,1
Seated restaurant app: You earned $50 in rewards but restaurant closed before you could redeem. Request alternative restaurant at https://seated-closed-restaurant.com,1
Your Ellevest investment account shows gender pay gap projection of $1.2M over career. Invest more aggressively at http://ellevest-pay-gap-calculator.com to close gap.,1
Mercato grocery delivery: Your order of $247 includes meat that delivery driver left outside for 6 hours in heat. Don't consume. Get refund at https://mercato-spoiled-food.com,1
Your Earnin cash advance app shows you owed $500 but bank account closed. Account sent to collections affecting credit score. Settle at http://earnin-collections-settlement.com,1
Photomath homework help: Your student account flagged for uploading entire test violating academic integrity. School notified. Respond at https://photomath-cheating-violation.com,1
"Your Digit savings app transferred $2,847 from checking to savings but overdrafted your account causing $175 in bank fees. Reverse at https://digit-overdraft-reversal.com",1
ThredUP clothing: Your consignment payout of $284 shows items didn't meet quality standards and were donated. You receive nothing. Appeal at https://thredup-rejected-items.com,1
Your Chime SpotMe overdraft protection denied grocery purchase leaving you with no food money. Increase limit at http://chime-spotme-increase.com for emergency access.,1
"Pacaso luxury home co-ownership: Your $200,000 investment in vacation home shows property values dropped 30%. Sell shares at https://pacaso-property-loss.com before more decline.",1
Your Current banking account shows early direct deposit feature suspended due to employer changing payroll processors. Wait 5 extra days for pay at http://current-deposit-delay.com,1
"Neighbor storage rental: Your stored items show water damage from roof leak. Your $4,200 in furniture ruined. File claim at https://neighbor-storage-damage.com",1
Your Robinhood Gold margin account charged $5 monthly fee but you thought you canceled. Refund 12 months at http://robinhood-gold-refund.com for $60 back.,1
Gusto payroll: Your employee direct deposits failed because company bank account NSF. Employees not paid on payday. Emergency funding at https://gusto-payroll-emergency.com,1
Your Klarna installments show 4 missed payments across different purchases totaling $847. Credit bureaus notified. Pay immediately at http://klarna-missed-payments.com,1
"TrueBill subscription tracker: Found $2,847 in subscriptions you forgot about still charging monthly. Cancel all at http://truebill-subscription-cancel.com to stop bleeding money.",1
Your Dosh cashback app earned $187 but account flagged for creating multiple accounts violating terms. Forfeit all earnings. Appeal at http://dosh-multiple-accounts.com,1
"Fundbox business line of credit: Your $25,000 credit line shows payment 30 days late. Business credit score dropped 50 points. Pay at https://fundbox-late-payment.com",1
Your Dave banking app shows overdraft of $84 that triggered $35 bank fee even though you have overdraft protection. Dispute at http://dave-overdraft-dispute.com,1
"Womply PPP loan forgiveness: Your $20,800 PPP loan forgiveness application denied due to documentation issues. Resubmit at http://womply-forgiveness-resubmit.com within 30 days.",1
Your Clarity Money app shows subscription to gym you haven't visited in 8 months costing $89/month. Cancel at http://clarity-money-gym-cancel.com and save $712 annually.,1
"Steady work app: Your side hustle earnings of $4,200 not reported on W-2. You owe self-employment tax of $647. File amended at https://steady-tax-amendment.com",1
Your Aspiration debit card shows merchant overcharged you $847 but dispute window closes today. File dispute at http://aspiration-overcharge-dispute.com before midnight.,1
Brigit cash advance: Your $250 advance due today but no funds in account to repay. Account will overdraft causing fees. Deposit money at http://brigit-advance-repayment.com,1
Your MoneyLion Credit Builder loan missed payment reported to bureaus dropping score 35 points. Loan designed to build credit but late payment destroyed it. Fix at http://moneylion-missed-payment.com,1
Possible Finance installment loan: Your $500 loan shows final payment of $127 due today. Miss payment and entire remaining balance due immediately. Pay at http://possible-final-payment.com,1
Your Empower cash advance shows you withdrew $250 but forgot about $25 tip you authorized. Extra fee charged. Adjust tips at http://empower-tip-settings.com,1
Cleo AI money app: Roast mode insulted your spending habits saying you waste $847 monthly on takeout. Get serious budget plan at https://cleo-budget-roast.com,1
Your Step banking teen account shows your child made $847 in online purchases without approval. Parental controls weren't enabled. Lock card at http://step-parental-controls.com,1
Albert savings app: Your automated savings of $50 weekly overdrafted your account 3 times costing $105 in fees. Pause savings at http://albert-pause-savings.com,1
Your Varo Bank account shows early direct deposit delayed because IRS intercepted for back taxes owed. Resolve at http://varo-tax-intercept.com to release funds.,1
HealthSherpa ACA enrollment: Your health insurance application denied due to documentation missing. Deadline October 31st or wait until next year. Complete at http://healthsherpa-deadline.com,1
Your Stash investment account shows dividend reinvestment purchased fractional shares at peak prices. Consider cash dividends instead at http://stash-dividend-settings.com,1
"Qapital savings goals: Your vacation goal reached $4,200 but app crashed and can't withdraw. Restore access at http://qapital-withdrawal-issue.com before trip next week.",1
Your OneMain Financial personal loan payment $347 due today. Late payment adds $50 fee and reports to credit. Pay at https://onemain-payment-due.com before 5 PM.,1
Branch app paycheck advance: You owed $500 but changed jobs and new employer not compatible. Repay immediately at http://branch-job-change.com or go to collections.,1
Your Greenlight kids debit shows your teen spent $847 on V-Bucks and Roblox. Gaming purchases not restricted in parental controls. Set limits at https://greenlight-gaming-limits.com,1
Copper banking teen account: Your teenager's card shows cash advance attempt at ATM triggering fraud alert. This shouldn't be possible. Investigate at http://copper-fraud-alert.com,1
Your Oxygen banking account shows negative balance of $284 but no overdraft protection. Account frozen until resolved. Deposit at http://oxygen-negative-balance.com,1
"Revolut currency exchange: Your $10,000 conversion from USD to EUR happened at unfavorable rate during market hours. Difference of $847 compared to interbank rate. Dispute at https://revolut-rate-dispute.com",1
Your N26 mobile bank account shows monthly fee increased from $0 to $9.90 without notice. Close account at https://n26-fee-protest.com or accept new pricing.,1
"Upgrade personal loan: Your $15,000 loan shows origination fee of $750 wasn't disclosed upfront. You received only $14,250. Complain at https://upgrade-fee-complaint.com",1
Your Avant credit card shows $284 in purchases in Florida but you're in California. Card cloned at gas pump skimmer. Report at https://avant-card-cloning.com,1
LendingPoint installment loan: Your autopay failed causing $50 late fee even though you have sufficient funds. Bank blocked payment as suspicious. Fix at http://lendingpoint-autopay-fix.com,1
Your OppFi loan shows interest rate of 160% APR which you didn't realize when applying. Refinance at lower rate at https://oppfi-refinance-options.com immediately.,1
Credit Genie credit builder: Your account reports to only 1 bureau instead of all 3 as advertised. Limited credit building benefit. Demand full reporting at https://creditgenie-reporting-issue.com,1
Your SeedFi credit builder shows final payment made but account not reported as paid in full to bureaus. Credit boost not received. Correct at https://seedfi-reporting-correction.com,1
Greenwood digital bank: Your account application shows 15 business days processing but you need account for paycheck Friday. Expedite at http://greenwood-expedite-opening.com,1
Your Cash App shows dispute resolution always favors other party even with proof. You lost $847 in scam transactions. Escalate at http://cashapp-dispute-escalation.com,1
"Venmo business profile: Your account limited because personal payments look like business transactions. Provide documentation at http://venmo-business-verification.com or lose $4,200.",1
"Your Zelle transfer of $2,000 went to wrong person due to phone number typo. Zelle won't reverse. Contact recipient at http://zelle-wrong-recipient.com to request return.",1
"PayPal Friends & Family: You sent $1,500 for product using F&F to save fees but seller never shipped. No buyer protection. Small claims court at http://paypal-friends-family-scam.com",1
Your Google Pay shows automatic reload of $500 triggered but you only meant $50. Excess $450 locked in Google Pay. Withdraw at http://googlepay-reload-error.com,1
Apple Pay Cash: Your balance of $847 can't transfer to bank because identity verification failed. Submit documents at http://applepay-verification-required.com to access funds.,1
"Your Samsung Pay rewards points totaling 84,700 points ($847 value) expire October 31st. Redeem at https://samsung-pay-points-expiring.com for gift cards before they're lost forever.",1
"Affirm payment plan: Your furniture purchase of $2,400 shows 0% APR expired and retroactive interest of $847 charged. Pay balance at https://affirm-interest-charged.com to avoid more.",1
Your Flexshopper lease-to-own payment missed causing repossession notice for leased TV and laptop. Pay $347 immediately at http://flexshopper-repossession-stop.com,1
"Progressive Leasing: Your furniture lease shows buyout price increased $1,200 because you exceeded 90-day early buyout window. Exercise option at http://progressive-lease-buyout.com",1
Your Katapult lease account shows marked late even though payment made on time. Credit bureaus notified incorrectly. Dispute at https://katapult-late-payment-error.com,1
Sezzle Buy Now Pay Later: Your payment split failed on 4th installment sending account to collections. Your $127 purchase now costs $247 with fees. Pay at https://sezzle-collections-payment.com,1
Your Splitit credit card installment shows international transaction fees on each payment not disclosed upfront. Extra $89 in fees charged. Refund at https://splitit-fee-refund.com,1
Quadpay installments: Your account shows 6 different purchases across multiple merchants all with missed payments. Credit score dropped 89 points. Catch up at http://quadpay-catch-up-payments.com,1
Your Zip payment plan shows card on file expired causing auto-payment failure. $35 late fee per installment added. Update card at http://zip-expired-card.com urgently.,1
"PayBright financing: Your approval for $4,200 purchase expired after 24 hours. Reapply at http://paybright-reapplication.com but credit may be pulled again affecting score.",1
"Your Sunbit healthcare financing shows dental procedure payment plan rejected after treatment completed. You owe dentist $2,847 directly now. Appeal at http://sunbit-financing-rejection.com",1
"CareCredit medical card: Your account shows deferred interest promotion expired and $2,400 in retroactive interest charged. Pay balance at https://carecredit-interest-surprise.com to stop accrual.",1
"Your Synchrony home improvement card shows promotional financing ended early due to late payment. $1,847 in interest added to balance. Pay at http://synchrony-promo-ended.com",1
Wells Fargo Propel card: Your rewards redemption of $347 shows pending for 45 days due to account review. Expedite at https://wellsfargo-rewards-pending.com before points expire.,1
Your Bread financing account shows payment autopay paused without notification causing late payment. Credit damaged. Restore autopay at http://bread-autopay-restoration.com,1
"Citizens Pay loan: Your online purchase financing of $1,200 shows payment due date changed without notice. Payment is actually overdue now. Pay at http://citizens-payment-date-change.com",1
Your Fortiva credit card shows annual fee of $175 charged on top of monthly $12.50 fee. That's $325/year just in fees. Close account at https://fortiva-excessive-fees.com,1
Credit One Bank card: Your account shows $99 annual fee charged before you even activated card. Processing fee of $95 also charged. Dispute at http://creditone-fee-dispute.com,1
Your Indigo credit card shows available credit decreased from $500 to $300 without explanation. Credit utilization now 80% hurting score. Appeal at https://indigo-credit-decrease.com,1
Milestone credit card: Your account shows rate increased from 24.9% to 35.9% APR after one late payment. Paying $847 in interest annually. Lower rate at https://milestone-rate-increase.com,1
Your Reflex Mastercard shows foreign transaction fees on domestic purchases because merchant processes abroad. Extra $47 in unexpected fees. Refund at https://reflex-foreign-fees.com,1
Surge Mastercard: Your card shows monthly maintenance fee increased to $20 from $10 making this predatory card cost $240/year. Close at http://surge-excessive-fees.com,1
Your Total Visa card application shows $95 processing fee charged even though application denied. Non-refundable fee for nothing received. Complain at http://total-visa-fee-scam.com,1
Deserve Edu credit card: Your student card shows foreign transaction fees despite marketing as no fee card. Fees apply to non-USD transactions. Dispute at http://deserve-hidden-fees.com,1
"Your Petal credit card shows credit limit decrease from $5,000 to $500 after hard inquiry from other lender. This tank your credit score further. Appeal at http://petal-limit-decrease.com",1
Mission Lane credit card: Your account shows overlimit fee charged even though purchase was within limit at time of swipe. Processing delay caused fee. Refund at http://missionlane-overlimit-fee.com,1
Your Merrick Bank card shows payment processing delay causing late fee even when paid on time. This happens monthly to many customers. Complain at http://merrick-processing-delay.com,1
Comenity Store card: Your Victoria's Secret card shows purchase return not credited for 30 days while interest accrued. Extra $34 in interest. Refund at http://comenity-return-delay.com,1
Your Fingerhut credit account shows shipping charges of $89 on $50 item making total $139. Deceptive pricing structure. Cancel order at http://fingerhut-shipping-scam.com,1
Blaze Credit Card: Your rebuild credit card shows utilization calculated wrong making it appear you're over limit. Credit score wrongly damaged. Correct at http://blaze-utilization-error.com,1
Your Fit Mastercard shows annual fee charged twice in same year during account anniversary date. Double billing error of $75. Refund at http://fit-double-billing.com,1
Destiny Mastercard: Your account shows payment allocated to fees and interest before principal. Paying down balance takes forever. Complain at http://destiny-payment-allocation.com,1
Your Applied Bank card shows website down on payment due date causing late payment. Their system issue caused your late fee. Waive fee at http://applied-system-issue.com,1
First PREMIER Bank card: Your account shows rate at 36% APR on top of monthly servicing fee. Most expensive credit card option available. Close at http://firstpremier-predatory-rates.com,1
Your Discover it card shows price protection claim denied because purchase was 89 days ago and coverage is only 90 days but processing takes 14 days. Appeal at http://discover-price-protection-appeal.com,1
Chase Freedom card: Your rotating 5% category didn't activate because you forgot to manually activate each quarter. Missed $247 in cashback. Set reminders at http://chase-category-activation.com,1
Your Bank of America cashback card shows annual category spend limit reached in November. No more 3% cashback until January. Track spending at http://bofa-category-limit.com,1
Capital One Venture card: Your travel redemption shows can't use points for award flights only statement credit. Marketing misleading. Complain at https://capitalone-travel-redemption.com,1
Your Citi Premier card shows points transferred to airline partner at terrible 1:0.5 ratio not disclosed upfront. Lost half your points value. Reverse at http://citi-transfer-ratio.com,1
Amex Gold card: Your $250 annual fee charged but $10 monthly dining credits often unused making effective cost $370/year. Downgrade card at http://amex-gold-downgrade.com,1
Your Barclays Arrival card shows annual fee increased to $89 from $0 after first year. Redemption value decreased too. Product changes hurt value. Close at http://barclays-product-changes.com,1
US Bank Altitude Reserve: Your $400 annual fee charged but mobile wallet requirement for 3x points means you earn 1x on most purchases. Bad value. Downgrade at https://usbank-altitude-downgrade.com,1
Your Wells Fargo Active Cash shows 2% cashback but takes 6 months to receive signup bonus. Competitor cards pay in 3 months. Switch at https://wellsfargo-slow-bonus.com,1
Citi Double Cash: Your 2% cashback split into 1% purchase and 1% payment means you lose cashback if you pay early. Confusing structure. Simplify at http://citi-doublecash-confusion.com,1
Your Chase Sapphire Reserve travel credit shows hard to use because purchases must be through Chase portal at inflated prices. Better to use other cards. Downgrade at http://chase-reserve-downgrade.com,1
Amex Platinum card: Your $695 annual fee buys mostly unusable airline fee credits and lounge access you never use. Poor value proposition. Cancel at https://amex-platinum-cancel.com,1
Your Hilton Honors Amex shows free night certificate expires in 6 months but blackout dates prevent use. Marketing vs reality gap. Complain at http://hilton-amex-blackout.com,1
"Marriott Bonvoy Bold: Your 25,000 point signup bonus worth only $187 in hotel value making effective signup bonus terrible. Should have gotten cash back card at http://marriott-bonvoy-value.com",1
"Your Southwest Rapid Rewards card shows companion pass requires 125,000 points but devaluation means flights cost more points. Harder to achieve. Track at https://southwest-companion-difficulty.com",1
